obj1,obj2,overall,complete_overall,perturbed_overall,deleted_overall,complete_3,complete_4,complete_5,perturbed_3,perturbed_4,perturbed_5,deleted_3,deleted_4,deleted_5,complete_slow,complete_fast,perturbed_slow,perturbed_fast,deleted_slow,deleted_fast,complete_slow_3,complete_slow_4,complete_slow_5,complete_fast_3,complete_fast_4,complete_fast_5,perturbed_slow_3,perturbed_slow_4,perturbed_slow_5,perturbed_fast_3,perturbed_fast_4,perturbed_fast_5,deleted_slow_3,deleted_slow_4,deleted_slow_5,deleted_fast_3,deleted_fast_4,deleted_fast_5
airplane,apple,0.75,0.8,0.8,0.5,1.0,0.0,1.0,1.0,0.75,,0.0,,1.0,0.0,1.0,0.6666666666666666,1.0,0.5,,,0.0,,1.0,,1.0,,0.6666666666666666,,1.0,1.0,,0.0,,1.0,,,
airplane,bike,,,,,,,,,,,,,,,,,,,,,,,,,,,,,,,,,,,,,
airplane,chair,0.6666666666666666,1.0,0.5,0.3333333333333333,1.0,,1.0,,0.5,,0.0,0.5,,1.0,1.0,0.5,,0.0,0.5,1.0,,,1.0,,1.0,,0.5,,,,,0.0,,,,0.5,
airplane,flower,0.8461538461538461,1.0,0.8333333333333334,0.75,,1.0,1.0,1.0,1.0,0.6666666666666666,,0.0,1.0,1.0,1.0,1.0,0.6666666666666666,1.0,0.5,,1.0,,,,1.0,,1.0,1.0,1.0,,0.5,,,1.0,,0.0,1.0
airplane,fork,0.6363636363636364,0.8,1.0,0.4,0.5,1.0,1.0,,,1.0,0.5,0.3333333333333333,,1.0,0.75,,1.0,0.0,0.5,1.0,,,0.0,1.0,1.0,,,,,,1.0,0.0,,,1.0,0.3333333333333333,
airplane,guitar,0.875,1.0,0.6666666666666666,1.0,,,1.0,,0.5,1.0,1.0,,1.0,1.0,1.0,,0.6666666666666666,1.0,1.0,,,1.0,,,1.0,,,,,0.5,1.0,1.0,,,,,1.0
airplane,key,0.7857142857142857,1.0,0.6666666666666666,0.6666666666666666,1.0,1.0,1.0,0.0,1.0,,1.0,0.5,0.6666666666666666,1.0,1.0,,0.6666666666666666,0.6666666666666666,0.6666666666666666,,1.0,,1.0,1.0,1.0,,,,0.0,1.0,,1.0,1.0,0.0,,0.0,1.0
airplane,kite,0.8181818181818182,1.0,0.6666666666666666,0.6666666666666666,1.0,1.0,1.0,1.0,0.5,,1.0,0.5,,1.0,1.0,,0.6666666666666666,1.0,0.5,,,1.0,1.0,1.0,1.0,,,,1.0,0.5,,1.0,,,,0.5,
airplane,lamp,0.75,1.0,0.6,0.6666666666666666,1.0,1.0,,0.0,0.5,1.0,1.0,0.5,,1.0,,,0.6,0.6666666666666666,,1.0,1.0,,,,,,,,0.0,0.5,1.0,1.0,0.5,,,,
airplane,leaf,0.6666666666666666,0.6666666666666666,0.6,0.75,,0.5,1.0,0.5,1.0,0.5,1.0,0.6666666666666666,,0.5,1.0,0.0,0.75,0.5,1.0,,0.5,,,,1.0,0.0,,,1.0,1.0,0.5,,0.5,,1.0,1.0,
airplane,spoon,0.875,1.0,0.75,0.75,1.0,1.0,1.0,0.0,1.0,1.0,1.0,1.0,0.0,1.0,1.0,0.5,1.0,0.6666666666666666,1.0,1.0,1.0,,1.0,,1.0,0.0,1.0,,,1.0,1.0,1.0,1.0,0.0,,1.0,
airplane,tree,0.6666666666666666,0.8,0.5,0.6666666666666666,0.6666666666666666,1.0,1.0,,0.5,0.5,,1.0,0.5,1.0,0.5,1.0,0.3333333333333333,0.5,1.0,1.0,1.0,1.0,0.5,,,,,1.0,,0.5,0.0,,1.0,0.0,,,1.0
airplane,truck,0.8333333333333334,1.0,0.8,0.8,1.0,1.0,,1.0,1.0,0.6666666666666666,,0.6666666666666666,1.0,,1.0,0.5,1.0,1.0,0.75,,,,1.0,1.0,,,1.0,0.0,1.0,,1.0,,,1.0,,0.6666666666666666,1.0
airplane,umbrella,0.6363636363636364,1.0,0.25,0.75,1.0,1.0,1.0,0.0,0.5,0.0,0.0,,1.0,1.0,1.0,0.0,0.5,0.75,,1.0,,,,1.0,1.0,0.0,,0.0,,0.5,,0.0,,1.0,,,
apple,airplane,0.75,0.8,0.8,0.5,1.0,0.0,1.0,1.0,0.75,,0.0,,1.0,0.0,1.0,0.6666666666666666,1.0,0.5,,,0.0,,1.0,,1.0,,0.6666666666666666,,1.0,1.0,,0.0,,1.0,,,
apple,bike,,,,,,,,,,,,,,,,,,,,,,,,,,,,,,,,,,,,,
apple,chair,0.625,0.7142857142857143,,0.0,0.0,0.6666666666666666,1.0,,,,0.0,,,0.6666666666666666,0.75,,,0.0,,0.0,1.0,,,0.0,1.0,,,,,,,0.0,,,,,
apple,flower,1.0,1.0,1.0,1.0,1.0,,1.0,,1.0,1.0,,1.0,,,1.0,1.0,1.0,1.0,1.0,,,,1.0,,1.0,,,1.0,,1.0,1.0,,1.0,,,1.0,
apple,fork,0.75,1.0,1.0,0.3333333333333333,,1.0,1.0,,1.0,1.0,0.3333333333333333,,,,1.0,1.0,,0.5,0.0,,,,,1.0,1.0,,1.0,1.0,,,,0.5,,,0.0,,
apple,guitar,0.9090909090909091,1.0,0.75,1.0,,1.0,1.0,0.0,1.0,1.0,,1.0,1.0,1.0,1.0,1.0,0.6666666666666666,1.0,1.0,,,1.0,,1.0,,,1.0,,0.0,1.0,1.0,,,1.0,,1.0,
apple,key,0.7777777777777778,0.7142857142857143,1.0,0.6666666666666666,0.5,1.0,1.0,,1.0,1.0,,0.5,0.75,0.8,0.5,1.0,1.0,0.0,1.0,0.5,1.0,1.0,0.5,,,,1.0,,,1.0,1.0,,0.0,0.0,,1.0,1.0
apple,kite,0.6666666666666666,1.0,0.5,0.6,,1.0,1.0,0.0,1.0,,,0.5,0.6666666666666666,1.0,1.0,,0.5,0.75,0.0,,1.0,,,,1.0,,,,0.0,1.0,,,0.5,1.0,,,0.0
apple,lamp,0.7692307692307693,1.0,0.6666666666666666,0.75,1.0,1.0,,0.3333333333333333,1.0,1.0,,1.0,0.6666666666666666,1.0,1.0,1.0,0.5,0.0,1.0,,1.0,,1.0,,,,1.0,1.0,0.3333333333333333,1.0,,,,0.0,,1.0,1.0
apple,leaf,1.0,1.0,1.0,1.0,1.0,1.0,1.0,,1.0,1.0,,1.0,,1.0,1.0,1.0,1.0,,1.0,1.0,1.0,1.0,,,1.0,,1.0,,,1.0,1.0,,,,,1.0,
apple,spoon,0.8888888888888888,1.0,0.6666666666666666,1.0,1.0,1.0,,,1.0,0.0,,1.0,1.0,1.0,1.0,1.0,0.0,,1.0,1.0,1.0,,,1.0,,,1.0,,,,0.0,,,,,1.0,1.0
apple,tree,0.7142857142857143,1.0,1.0,0.3333333333333333,,1.0,1.0,1.0,,,0.0,1.0,0.0,1.0,,1.0,1.0,0.0,0.5,,1.0,1.0,,,,1.0,,,1.0,,,0.0,,,,1.0,0.0
apple,truck,1.0,1.0,1.0,1.0,1.0,,1.0,,1.0,1.0,1.0,1.0,1.0,1.0,1.0,,1.0,1.0,,,,1.0,1.0,,1.0,,,,,1.0,1.0,1.0,1.0,1.0,,,
apple,umbrella,0.7272727272727273,1.0,0.6,0.6666666666666666,1.0,1.0,1.0,0.6666666666666666,0.0,1.0,0.0,1.0,1.0,,1.0,,0.6,0.5,1.0,,,,1.0,1.0,1.0,,,,0.6666666666666666,0.0,1.0,0.0,,1.0,,1.0,
bear,bird,0.7777777777777778,0.8,,0.75,0.6666666666666666,1.0,1.0,,,,0.6666666666666666,1.0,,1.0,0.75,,,0.5,1.0,1.0,,,0.5,1.0,1.0,,,,,,,0.5,,,1.0,1.0,
bear,butterfly,0.75,0.0,1.0,1.0,,0.0,0.0,1.0,,1.0,,1.0,1.0,,0.0,1.0,1.0,1.0,1.0,,,,,0.0,0.0,1.0,,,,,1.0,,1.0,,,1.0,1.0
bear,cat,0.6923076923076923,0.3333333333333333,1.0,1.0,0.5,1.0,0.0,,1.0,,,,1.0,0.0,0.4,1.0,1.0,1.0,1.0,,,0.0,0.5,1.0,0.0,,1.0,,,1.0,,,,1.0,,,1.0
bear,cow,0.6363636363636364,0.75,0.5,0.6,0.6666666666666666,1.0,,0.5,,,,0.5,1.0,0.5,1.0,,0.5,0.3333333333333333,1.0,0.5,,,1.0,1.0,,,,,0.5,,,,0.3333333333333333,,,1.0,1.0
bear,dog,0.7692307692307693,0.8333333333333334,0.5,0.8,0.5,1.0,1.0,,0.5,,1.0,1.0,0.6666666666666666,0.6666666666666666,1.0,,0.5,0.75,1.0,0.0,1.0,1.0,1.0,1.0,1.0,,,,,0.5,,1.0,1.0,0.5,,,1.0
bear,duck,0.8571428571428571,1.0,0.8571428571428571,0.75,1.0,,1.0,1.0,0.5,1.0,,1.0,0.5,1.0,,1.0,0.75,,0.75,1.0,,1.0,,,,1.0,,1.0,1.0,0.5,1.0,,,,,1.0,0.5
bear,elephant,0.6666666666666666,0.6,0.5,1.0,1.0,0.0,0.6666666666666666,,0.0,1.0,1.0,1.0,,0.3333333333333333,1.0,0.0,1.0,1.0,1.0,,0.0,0.5,1.0,,1.0,,0.0,,,,1.0,1.0,,,,1.0,
bear,fish,0.75,0.6,1.0,,,0.5,0.6666666666666666,,1.0,1.0,,,,1.0,0.5,1.0,1.0,,,,1.0,,,0.0,0.6666666666666666,,1.0,,,1.0,1.0,,,,,,
bear,foot,0.6666666666666666,1.0,0.5,0.75,1.0,,,0.0,0.5,1.0,,1.0,0.5,1.0,,,0.5,1.0,0.6666666666666666,1.0,,,,,,,,,0.0,0.5,1.0,,,1.0,,1.0,0.0
bear,frog,1.0,1.0,1.0,1.0,,1.0,1.0,,,1.0,1.0,,,1.0,1.0,,1.0,1.0,1.0,,,1.0,,1.0,,,,,,,1.0,1.0,,,1.0,,
bear,hand,0.75,1.0,0.75,0.6666666666666666,,,1.0,,1.0,0.5,,0.5,1.0,1.0,,1.0,0.6666666666666666,1.0,0.0,,,1.0,,,,,,1.0,,1.0,0.0,,1.0,1.0,,0.0,
bear,rabbit,0.7692307692307693,1.0,0.5,0.6,1.0,1.0,1.0,,,0.5,,0.5,1.0,1.0,1.0,,0.5,0.6,,1.0,1.0,,,1.0,1.0,,,,,,0.5,,0.5,1.0,,,
bear,squirrel,0.6,0.5,0.8571428571428571,0.25,0.6666666666666666,,0.0,0.0,1.0,1.0,,0.3333333333333333,0.0,,0.5,1.0,0.75,0.0,0.3333333333333333,,,,0.6666666666666666,,0.0,,1.0,1.0,0.0,1.0,1.0,,,0.0,,0.3333333333333333,
bear,turtle,0.8,1.0,1.0,0.5,1.0,1.0,1.0,,1.0,1.0,1.0,0.3333333333333333,,1.0,1.0,1.0,1.0,1.0,0.0,,1.0,,1.0,1.0,1.0,,1.0,,,,1.0,1.0,1.0,,,0.0,
bike,airplane,,,,,,,,,,,,,,,,,,,,,,,,,,,,,,,,,,,,,
bike,apple,,,,,,,,,,,,,,,,,,,,,,,,,,,,,,,,,,,,,
bike,chair,,,,,,,,,,,,,,,,,,,,,,,,,,,,,,,,,,,,,
bike,flower,,,,,,,,,,,,,,,,,,,,,,,,,,,,,,,,,,,,,
bike,fork,,,,,,,,,,,,,,,,,,,,,,,,,,,,,,,,,,,,,
bike,guitar,,,,,,,,,,,,,,,,,,,,,,,,,,,,,,,,,,,,,
bike,key,,,,,,,,,,,,,,,,,,,,,,,,,,,,,,,,,,,,,
bike,kite,,,,,,,,,,,,,,,,,,,,,,,,,,,,,,,,,,,,,
bike,lamp,,,,,,,,,,,,,,,,,,,,,,,,,,,,,,,,,,,,,
bike,leaf,,,,,,,,,,,,,,,,,,,,,,,,,,,,,,,,,,,,,
bike,spoon,,,,,,,,,,,,,,,,,,,,,,,,,,,,,,,,,,,,,
bike,tree,,,,,,,,,,,,,,,,,,,,,,,,,,,,,,,,,,,,,
bike,truck,,,,,,,,,,,,,,,,,,,,,,,,,,,,,,,,,,,,,
bike,umbrella,,,,,,,,,,,,,,,,,,,,,,,,,,,,,,,,,,,,,
bird,bear,0.7777777777777778,0.8,,0.75,0.6666666666666666,1.0,1.0,,,,0.6666666666666666,1.0,,1.0,0.75,,,0.5,1.0,1.0,,,0.5,1.0,1.0,,,,,,,0.5,,,1.0,1.0,
bird,butterfly,0.4166666666666667,0.0,0.8,0.25,0.0,0.0,,1.0,0.75,,0.5,0.0,0.0,,0.0,1.0,0.75,0.5,0.0,,,,0.0,0.0,,,1.0,,1.0,0.6666666666666666,,1.0,0.0,,0.0,,0.0
bird,cat,0.6666666666666666,0.6666666666666666,0.6,0.75,,0.5,0.75,1.0,0.0,0.5,1.0,1.0,0.5,1.0,0.6,1.0,0.5,0.6666666666666666,1.0,,1.0,,,0.0,0.75,,,1.0,1.0,0.0,0.0,1.0,1.0,0.0,,,1.0
bird,cow,0.8333333333333334,0.8,0.8,1.0,0.0,1.0,1.0,0.0,1.0,1.0,,1.0,1.0,1.0,0.6666666666666666,0.6666666666666666,1.0,1.0,1.0,,1.0,1.0,0.0,1.0,1.0,0.0,1.0,1.0,,1.0,,,1.0,,,,1.0
bird,dog,0.8461538461538461,0.5,1.0,1.0,0.0,1.0,0.5,,1.0,1.0,,1.0,1.0,0.0,0.6666666666666666,1.0,1.0,1.0,1.0,0.0,,,,1.0,0.5,,1.0,,,1.0,1.0,,1.0,,,1.0,1.0
bird,duck,0.6666666666666666,0.3333333333333333,0.6,1.0,,1.0,0.0,0.0,1.0,0.5,,1.0,1.0,1.0,0.0,1.0,0.3333333333333333,1.0,1.0,,1.0,,,,0.0,,1.0,,0.0,,0.5,,1.0,,,1.0,1.0
bird,elephant,1.0,1.0,1.0,1.0,1.0,,1.0,1.0,1.0,1.0,1.0,1.0,1.0,1.0,1.0,1.0,1.0,1.0,1.0,,,1.0,1.0,,,,1.0,1.0,1.0,,1.0,1.0,,1.0,,1.0,1.0
bird,fish,0.6153846153846154,0.6666666666666666,0.75,0.5,,1.0,0.5,1.0,0.6666666666666666,,0.3333333333333333,0.0,1.0,,0.6666666666666666,1.0,0.5,0.4,1.0,,,,,1.0,0.5,1.0,1.0,,,0.5,,0.3333333333333333,0.0,1.0,,,1.0
bird,foot,0.8,0.8571428571428571,0.5,1.0,,1.0,0.8,1.0,0.0,,,1.0,,1.0,0.8333333333333334,,0.5,,1.0,,,1.0,,1.0,0.75,,,,1.0,0.0,,,,,,1.0,
bird,frog,0.7692307692307693,1.0,0.8,0.3333333333333333,1.0,,1.0,1.0,1.0,0.5,,0.0,0.5,1.0,1.0,1.0,0.75,0.5,0.0,1.0,,,1.0,,1.0,,1.0,,1.0,1.0,0.5,,0.0,1.0,,,0.0
bird,hand,0.875,0.8,1.0,1.0,,1.0,0.6666666666666666,1.0,,1.0,,,1.0,1.0,0.75,1.0,,,1.0,,1.0,,,1.0,0.6666666666666666,1.0,,1.0,,,,,,,,,1.0
bird,rabbit,0.7857142857142857,0.8,0.6,1.0,0.5,1.0,1.0,,0.3333333333333333,1.0,1.0,,,1.0,0.0,1.0,0.5,1.0,1.0,1.0,1.0,1.0,0.0,,,,1.0,,,0.0,1.0,1.0,,,1.0,,
bird,squirrel,0.6428571428571429,0.75,0.6666666666666666,0.5,,0.0,1.0,0.0,1.0,0.6666666666666666,0.0,0.5,1.0,1.0,0.6666666666666666,0.0,0.8,1.0,0.3333333333333333,,,1.0,,0.0,1.0,,,0.0,0.0,1.0,1.0,,1.0,,0.0,0.0,1.0
bird,turtle,0.6666666666666666,1.0,0.5,0.0,,1.0,1.0,1.0,0.0,0.0,,,0.0,1.0,1.0,1.0,0.0,,0.0,,,1.0,,1.0,1.0,1.0,,,,0.0,0.0,,,,,,0.0
butterfly,bear,0.75,0.0,1.0,1.0,,0.0,0.0,1.0,,1.0,,1.0,1.0,,0.0,1.0,1.0,1.0,1.0,,,,,0.0,0.0,1.0,,,,,1.0,,1.0,,,1.0,1.0
butterfly,bird,0.4166666666666667,0.0,0.8,0.25,0.0,0.0,,1.0,0.75,,0.5,0.0,0.0,,0.0,1.0,0.75,0.5,0.0,,,,0.0,0.0,,,1.0,,1.0,0.6666666666666666,,1.0,0.0,,0.0,,0.0
butterfly,cat,0.5454545454545454,0.6666666666666666,0.5,0.5,1.0,0.0,1.0,,1.0,0.3333333333333333,,0.5,0.5,1.0,0.5,,0.5,0.0,1.0,,,1.0,1.0,0.0,,,,,,1.0,0.3333333333333333,,0.0,0.0,,1.0,1.0
butterfly,cow,0.8,0.7142857142857143,1.0,,0.3333333333333333,1.0,1.0,,,1.0,,,,1.0,0.5,,1.0,,,1.0,1.0,1.0,0.0,,1.0,,,,,,1.0,,,,,,
butterfly,dog,0.8888888888888888,1.0,0.75,1.0,1.0,,1.0,0.5,,1.0,1.0,1.0,1.0,,1.0,0.6666666666666666,1.0,1.0,1.0,,,,1.0,,1.0,0.5,,1.0,,,1.0,,1.0,1.0,1.0,,
butterfly,duck,0.8333333333333334,1.0,1.0,0.5,1.0,1.0,1.0,1.0,1.0,,,1.0,0.3333333333333333,1.0,1.0,1.0,1.0,0.5,0.5,,1.0,,1.0,1.0,1.0,,1.0,,1.0,,,,1.0,0.0,,,0.5
butterfly,elephant,0.75,0.6,0.8333333333333334,0.8,1.0,0.0,0.6666666666666666,1.0,1.0,0.0,,0.75,1.0,0.6,,1.0,0.75,1.0,0.6666666666666666,1.0,0.0,0.6666666666666666,,,,1.0,,,1.0,1.0,0.0,,1.0,,,0.5,1.0
butterfly,fish,0.8461538461538461,0.75,1.0,0.75,,0.0,1.0,1.0,1.0,1.0,1.0,1.0,0.5,1.0,0.6666666666666666,1.0,1.0,1.0,0.0,,,1.0,,0.0,1.0,,,1.0,1.0,1.0,1.0,1.0,1.0,1.0,,,0.0
butterfly,foot,0.9,0.8,1.0,1.0,1.0,0.6666666666666666,1.0,,1.0,1.0,,1.0,1.0,0.0,1.0,,1.0,1.0,1.0,,0.0,,1.0,1.0,1.0,,,,,1.0,1.0,,,1.0,,1.0,
butterfly,frog,0.9090909090909091,1.0,0.6666666666666666,1.0,1.0,1.0,1.0,,1.0,0.0,,1.0,1.0,1.0,1.0,0.6666666666666666,,1.0,1.0,1.0,1.0,,,,1.0,,1.0,0.0,,,,,1.0,,,1.0,1.0
butterfly,hand,0.7272727272727273,1.0,0.6,0.6666666666666666,1.0,1.0,,1.0,0.0,1.0,1.0,0.5,,1.0,1.0,0.5,0.6666666666666666,0.5,1.0,1.0,1.0,,,1.0,,,0.0,1.0,1.0,0.0,1.0,1.0,0.0,,,1.0,
butterfly,rabbit,0.6923076923076923,1.0,0.8,0.25,1.0,,1.0,0.5,1.0,1.0,1.0,0.0,0.0,1.0,1.0,0.75,1.0,0.0,0.5,,,1.0,1.0,,1.0,0.5,1.0,1.0,,1.0,,,0.0,0.0,1.0,,0.0
butterfly,squirrel,1.0,,1.0,1.0,,,,1.0,1.0,1.0,1.0,1.0,1.0,,,1.0,1.0,1.0,1.0,,,,,,,,1.0,,1.0,1.0,1.0,1.0,,1.0,,1.0,
butterfly,turtle,0.8,1.0,1.0,0.5,1.0,1.0,1.0,,1.0,,0.5,0.5,,1.0,1.0,1.0,1.0,0.5,0.5,1.0,,,,1.0,1.0,,1.0,,,1.0,,0.5,,,,0.5,
cat,bear,0.6923076923076923,0.3333333333333333,1.0,1.0,0.5,1.0,0.0,,1.0,,,,1.0,0.0,0.4,1.0,1.0,1.0,1.0,,,0.0,0.5,1.0,0.0,,1.0,,,1.0,,,,1.0,,,1.0
cat,bird,0.6666666666666666,0.6666666666666666,0.6,0.75,,0.5,0.75,1.0,0.0,0.5,1.0,1.0,0.5,1.0,0.6,1.0,0.5,0.6666666666666666,1.0,,1.0,,,0.0,0.75,,,1.0,1.0,0.0,0.0,1.0,1.0,0.0,,,1.0
cat,butterfly,0.5454545454545454,0.6666666666666666,0.5,0.5,1.0,0.0,1.0,,1.0,0.3333333333333333,,0.5,0.5,1.0,0.5,,0.5,0.0,1.0,,,1.0,1.0,0.0,,,,,,1.0,0.3333333333333333,,0.0,0.0,,1.0,1.0
cat,cow,0.9,0.75,1.0,1.0,1.0,,0.6666666666666666,,1.0,1.0,,1.0,1.0,1.0,0.6666666666666666,,1.0,1.0,1.0,,,1.0,1.0,,0.5,,,,,1.0,1.0,,1.0,1.0,,1.0,1.0
cat,dog,0.5,1.0,0.5,0.0,1.0,,,0.0,1.0,,,0.0,,,1.0,1.0,0.3333333333333333,0.0,,,,,1.0,,,,1.0,,0.0,1.0,,,0.0,,,,
cat,duck,0.8,1.0,1.0,0.3333333333333333,,1.0,1.0,,1.0,,,0.3333333333333333,,1.0,1.0,,1.0,0.0,0.5,,,1.0,,1.0,1.0,,,,,1.0,,,0.0,,,0.5,
cat,elephant,0.8333333333333334,0.5,1.0,0.8571428571428571,,0.0,1.0,1.0,1.0,1.0,1.0,1.0,0.0,,0.5,1.0,1.0,0.75,1.0,,,,,0.0,1.0,1.0,,,,1.0,1.0,1.0,1.0,0.0,1.0,1.0,
cat,fish,0.5714285714285714,0.0,1.0,0.3333333333333333,,0.0,,,1.0,1.0,,0.0,0.5,,0.0,1.0,1.0,0.5,0.0,,,,,0.0,,,1.0,,,,1.0,,0.0,1.0,,,0.0
cat,foot,0.9090909090909091,1.0,0.5,1.0,1.0,1.0,1.0,1.0,0.0,,,1.0,1.0,1.0,1.0,,0.5,1.0,1.0,1.0,,1.0,,1.0,1.0,,,,1.0,0.0,,,1.0,1.0,,1.0,
cat,frog,0.7,0.5,0.6666666666666666,0.8,0.0,,1.0,1.0,0.5,,,0.75,1.0,0.5,,1.0,0.5,0.5,1.0,0.0,,1.0,,,,1.0,,,,0.5,,,0.5,,,1.0,1.0
cat,hand,0.9166666666666666,1.0,1.0,0.75,1.0,1.0,1.0,1.0,1.0,1.0,,1.0,0.5,1.0,1.0,,1.0,1.0,0.6666666666666666,,1.0,,1.0,1.0,1.0,,,,1.0,1.0,1.0,,1.0,,,1.0,0.5
cat,rabbit,0.9230769230769231,0.8,1.0,1.0,0.0,1.0,1.0,1.0,1.0,1.0,,1.0,1.0,0.5,1.0,1.0,1.0,1.0,1.0,0.0,,1.0,,1.0,1.0,,,1.0,1.0,1.0,1.0,,,1.0,,1.0,1.0
cat,squirrel,0.75,1.0,0.75,0.0,,,1.0,1.0,1.0,0.6,,,0.0,1.0,,0.5,1.0,0.0,,,,1.0,,,,1.0,,0.3333333333333333,,1.0,1.0,,,0.0,,,
cat,turtle,0.5384615384615384,0.5,0.75,0.3333333333333333,0.5,0.0,1.0,1.0,1.0,0.5,0.5,0.0,,0.5,0.5,0.5,1.0,1.0,0.0,1.0,0.0,,0.0,0.0,1.0,1.0,,0.0,,1.0,1.0,1.0,,,0.0,0.0,
chair,airplane,0.6666666666666666,1.0,0.5,0.3333333333333333,1.0,,1.0,,0.5,,0.0,0.5,,1.0,1.0,0.5,,0.0,0.5,1.0,,,1.0,,1.0,,0.5,,,,,0.0,,,,0.5,
chair,apple,0.625,0.7142857142857143,,0.0,0.0,0.6666666666666666,1.0,,,,0.0,,,0.6666666666666666,0.75,,,0.0,,0.0,1.0,,,0.0,1.0,,,,,,,0.0,,,,,
chair,bike,,,,,,,,,,,,,,,,,,,,,,,,,,,,,,,,,,,,,
chair,flower,0.75,1.0,0.8,0.5,1.0,1.0,,1.0,0.6666666666666666,1.0,,0.0,0.6666666666666666,1.0,1.0,0.8,,0.5,0.5,,1.0,,1.0,1.0,,1.0,0.6666666666666666,1.0,,,,,,0.5,,0.0,1.0
chair,fork,0.7272727272727273,1.0,0.6666666666666666,0.6666666666666666,,1.0,1.0,0.0,0.75,1.0,,0.5,1.0,1.0,1.0,0.6666666666666666,0.6666666666666666,0.0,1.0,,,1.0,,1.0,,0.0,1.0,,,0.5,1.0,,0.0,,,1.0,1.0
chair,guitar,0.7,0.5,0.6666666666666666,1.0,,,0.5,1.0,0.0,1.0,1.0,1.0,,,0.5,,0.6666666666666666,1.0,,,,,,,0.5,,,,1.0,0.0,1.0,1.0,1.0,,,,
chair,key,0.6666666666666666,0.75,0.7142857142857143,0.5,0.75,0.0,1.0,0.5,1.0,,0.0,0.6666666666666666,0.5,1.0,0.6666666666666666,0.6666666666666666,0.75,0.6666666666666666,0.3333333333333333,,,1.0,0.75,0.0,1.0,0.5,1.0,,0.5,1.0,,,1.0,0.5,0.0,0.5,
chair,kite,1.0,1.0,1.0,,,,1.0,1.0,1.0,1.0,,,,,1.0,,1.0,,,,,,,,1.0,,,,1.0,1.0,1.0,,,,,,
chair,lamp,0.7692307692307693,1.0,0.8,0.3333333333333333,,1.0,1.0,1.0,0.6666666666666666,1.0,,0.3333333333333333,,1.0,1.0,,0.8,0.5,0.0,,,1.0,,1.0,1.0,,,,1.0,0.6666666666666666,1.0,,0.5,,,0.0,
chair,leaf,0.8571428571428571,0.6666666666666666,1.0,1.0,0.5,1.0,,,1.0,,,1.0,1.0,0.5,1.0,1.0,,,1.0,0.0,1.0,,1.0,,,,1.0,,,,,,,,,1.0,1.0
chair,spoon,1.0,1.0,1.0,1.0,1.0,,1.0,1.0,1.0,,1.0,,,1.0,1.0,,1.0,1.0,1.0,,,1.0,1.0,,,,,,1.0,1.0,,1.0,,,1.0,,
chair,tree,0.8666666666666667,0.8571428571428571,0.8,1.0,0.5,,1.0,0.5,1.0,,,1.0,1.0,1.0,0.8333333333333334,0.6666666666666666,1.0,,1.0,,,1.0,0.5,,1.0,0.0,1.0,,1.0,1.0,,,,,,1.0,1.0
chair,truck,0.5555555555555556,1.0,0.25,0.5,1.0,,1.0,,0.5,0.0,,0.0,1.0,,1.0,0.0,0.3333333333333333,0.0,1.0,,,,1.0,,1.0,,0.0,,,1.0,0.0,,0.0,,,,1.0
chair,umbrella,0.9230769230769231,1.0,0.75,1.0,1.0,,1.0,,1.0,0.6666666666666666,1.0,1.0,,1.0,1.0,,0.75,1.0,,1.0,,,,,1.0,,,,,1.0,0.6666666666666666,1.0,1.0,,,,
cow,bear,0.6363636363636364,0.75,0.5,0.6,0.6666666666666666,1.0,,0.5,,,,0.5,1.0,0.5,1.0,,0.5,0.3333333333333333,1.0,0.5,,,1.0,1.0,,,,,0.5,,,,0.3333333333333333,,,1.0,1.0
cow,bird,0.8333333333333334,0.8,0.8,1.0,0.0,1.0,1.0,0.0,1.0,1.0,,1.0,1.0,1.0,0.6666666666666666,0.6666666666666666,1.0,1.0,1.0,,1.0,1.0,0.0,1.0,1.0,0.0,1.0,1.0,,1.0,,,1.0,,,,1.0
cow,butterfly,0.8,0.7142857142857143,1.0,,0.3333333333333333,1.0,1.0,,,1.0,,,,1.0,0.5,,1.0,,,1.0,1.0,1.0,0.0,,1.0,,,,,,1.0,,,,,,
cow,cat,0.9,0.75,1.0,1.0,1.0,,0.6666666666666666,,1.0,1.0,,1.0,1.0,1.0,0.6666666666666666,,1.0,1.0,1.0,,,1.0,1.0,,0.5,,,,,1.0,1.0,,1.0,1.0,,1.0,1.0
cow,dog,0.7333333333333333,0.8,0.8333333333333334,0.5,0.0,1.0,1.0,,1.0,0.6666666666666666,1.0,0.0,1.0,1.0,0.75,1.0,0.75,1.0,0.0,,1.0,,0.0,,1.0,,1.0,1.0,,1.0,0.5,1.0,,1.0,,0.0,
cow,duck,0.75,0.8,0.6666666666666666,0.6666666666666666,0.6666666666666666,,0.8571428571428571,0.0,1.0,1.0,0.0,1.0,,0.6666666666666666,0.8571428571428571,0.0,1.0,0.5,1.0,0.5,,1.0,1.0,,0.8333333333333334,0.0,,,,1.0,1.0,0.0,1.0,,,1.0,
cow,elephant,0.8333333333333334,1.0,0.6,1.0,,1.0,1.0,1.0,0.6666666666666666,0.0,,1.0,1.0,1.0,1.0,0.3333333333333333,1.0,,1.0,,1.0,1.0,,1.0,1.0,1.0,0.0,0.0,,1.0,,,,,,1.0,1.0
cow,fish,0.7272727272727273,1.0,0.8333333333333334,0.5,,,1.0,1.0,1.0,0.6666666666666666,0.0,,0.6666666666666666,,1.0,1.0,0.75,0.3333333333333333,1.0,,,,,,1.0,,1.0,1.0,1.0,,0.5,0.0,,0.5,,,1.0
cow,foot,0.6923076923076923,0.8,0.8333333333333334,0.0,,1.0,0.5,,0.6666666666666666,1.0,,0.0,0.0,,0.8,1.0,0.75,0.0,,,,,,1.0,0.5,,1.0,1.0,,0.5,1.0,,0.0,0.0,,,
cow,frog,0.8571428571428571,1.0,1.0,0.5,,,1.0,1.0,,,0.0,1.0,,1.0,1.0,1.0,,0.0,1.0,,,1.0,,,1.0,1.0,,,,,,0.0,,,,1.0,
cow,hand,0.6923076923076923,0.4,0.8,1.0,0.5,0.3333333333333333,,1.0,0.5,1.0,,1.0,1.0,0.3333333333333333,0.5,1.0,0.75,1.0,1.0,0.5,0.0,,,0.5,,1.0,,,,0.5,1.0,,1.0,1.0,,,1.0
cow,rabbit,0.8461538461538461,0.75,0.8,1.0,,0.5,1.0,0.0,1.0,1.0,1.0,1.0,1.0,1.0,0.6666666666666666,0.5,1.0,1.0,,,,1.0,,0.5,1.0,0.0,1.0,,,1.0,1.0,1.0,1.0,1.0,,,
cow,squirrel,0.8571428571428571,0.6666666666666666,1.0,1.0,0.5,,1.0,,1.0,1.0,,,1.0,,0.6666666666666666,,1.0,1.0,,,,,0.5,,1.0,,,,,1.0,1.0,,,1.0,,,
cow,turtle,0.8571428571428571,1.0,1.0,0.5,,1.0,,1.0,,1.0,0.0,,1.0,,1.0,1.0,1.0,0.0,1.0,,,,,1.0,,1.0,,,,,1.0,0.0,,,,,1.0
dog,bear,0.7692307692307693,0.8333333333333334,0.5,0.8,0.5,1.0,1.0,,0.5,,1.0,1.0,0.6666666666666666,0.6666666666666666,1.0,,0.5,0.75,1.0,0.0,1.0,1.0,1.0,1.0,1.0,,,,,0.5,,1.0,1.0,0.5,,,1.0
dog,bird,0.8461538461538461,0.5,1.0,1.0,0.0,1.0,0.5,,1.0,1.0,,1.0,1.0,0.0,0.6666666666666666,1.0,1.0,1.0,1.0,0.0,,,,1.0,0.5,,1.0,,,1.0,1.0,,1.0,,,1.0,1.0
dog,butterfly,0.8888888888888888,1.0,0.75,1.0,1.0,,1.0,0.5,,1.0,1.0,1.0,1.0,,1.0,0.6666666666666666,1.0,1.0,1.0,,,,1.0,,1.0,0.5,,1.0,,,1.0,,1.0,1.0,1.0,,
dog,cat,0.5,1.0,0.5,0.0,1.0,,,0.0,1.0,,,0.0,,,1.0,1.0,0.3333333333333333,0.0,,,,,1.0,,,,1.0,,0.0,1.0,,,0.0,,,,
dog,cow,0.7333333333333333,0.8,0.8333333333333334,0.5,0.0,1.0,1.0,,1.0,0.6666666666666666,1.0,0.0,1.0,1.0,0.75,1.0,0.75,1.0,0.0,,1.0,,0.0,,1.0,,1.0,1.0,,1.0,0.5,1.0,,1.0,,0.0,
dog,duck,0.9285714285714286,1.0,0.8333333333333334,1.0,1.0,1.0,1.0,1.0,0.5,1.0,1.0,1.0,,1.0,1.0,1.0,0.75,1.0,,,1.0,,1.0,1.0,1.0,,,1.0,1.0,0.5,1.0,1.0,1.0,,,,
dog,elephant,0.5555555555555556,0.0,0.6666666666666666,0.6,0.0,,,,,0.6666666666666666,0.0,0.5,1.0,,0.0,1.0,0.0,0.6666666666666666,0.5,,,,0.0,,,,,1.0,,,0.0,0.0,,1.0,,0.5,
dog,fish,0.7272727272727273,1.0,1.0,0.4,,1.0,1.0,1.0,,1.0,0.0,,0.6666666666666666,1.0,1.0,1.0,1.0,0.0,1.0,,1.0,1.0,,,1.0,1.0,,,,,1.0,0.0,,0.0,,,1.0
dog,foot,0.7333333333333333,0.75,0.75,0.7142857142857143,0.5,1.0,1.0,1.0,0.5,1.0,0.5,0.5,1.0,1.0,0.6666666666666666,0.0,1.0,0.5,1.0,,,1.0,0.5,1.0,,,0.0,,1.0,1.0,1.0,0.5,0.0,1.0,,1.0,1.0
dog,frog,0.6875,0.5,1.0,0.5,0.5,,0.5,,1.0,1.0,,0.5,,1.0,0.3333333333333333,,1.0,,0.5,1.0,,,0.25,,0.5,,,,,1.0,1.0,,,,,0.5,
dog,hand,0.8,1.0,1.0,0.6666666666666666,,1.0,1.0,,1.0,,0.75,1.0,0.0,,1.0,,1.0,0.6666666666666666,0.6666666666666666,,,,,1.0,1.0,,,,,1.0,,0.6666666666666666,,,1.0,1.0,0.0
dog,rabbit,0.6923076923076923,0.6,0.6,1.0,0.3333333333333333,,1.0,0.0,1.0,0.0,1.0,1.0,,1.0,0.5,0.5,0.6666666666666666,1.0,1.0,,,1.0,0.3333333333333333,,1.0,0.0,1.0,,,1.0,0.0,,1.0,,1.0,1.0,
dog,squirrel,0.7777777777777778,1.0,0.6,,1.0,1.0,1.0,,0.75,0.0,,,,1.0,1.0,0.6,,,,1.0,,1.0,,1.0,1.0,,0.75,0.0,,,,,,,,,
dog,turtle,0.6666666666666666,,0.5,0.75,,,,,0.0,1.0,,1.0,0.5,,,,0.5,1.0,0.6666666666666666,,,,,,,,,,,0.0,1.0,,,1.0,,1.0,0.0
duck,bear,0.8571428571428571,1.0,0.8571428571428571,0.75,1.0,,1.0,1.0,0.5,1.0,,1.0,0.5,1.0,,1.0,0.75,,0.75,1.0,,1.0,,,,1.0,,1.0,1.0,0.5,1.0,,,,,1.0,0.5
duck,bird,0.6666666666666666,0.3333333333333333,0.6,1.0,,1.0,0.0,0.0,1.0,0.5,,1.0,1.0,1.0,0.0,1.0,0.3333333333333333,1.0,1.0,,1.0,,,,0.0,,1.0,,0.0,,0.5,,1.0,,,1.0,1.0
duck,butterfly,0.8333333333333334,1.0,1.0,0.5,1.0,1.0,1.0,1.0,1.0,,,1.0,0.3333333333333333,1.0,1.0,1.0,1.0,0.5,0.5,,1.0,,1.0,1.0,1.0,,1.0,,1.0,,,,1.0,0.0,,,0.5
duck,cat,0.8,1.0,1.0,0.3333333333333333,,1.0,1.0,,1.0,,,0.3333333333333333,,1.0,1.0,,1.0,0.0,0.5,,,1.0,,1.0,1.0,,,,,1.0,,,0.0,,,0.5,
duck,cow,0.75,0.8,0.6666666666666666,0.6666666666666666,0.6666666666666666,,0.8571428571428571,0.0,1.0,1.0,0.0,1.0,,0.6666666666666666,0.8571428571428571,0.0,1.0,0.5,1.0,0.5,,1.0,1.0,,0.8333333333333334,0.0,,,,1.0,1.0,0.0,1.0,,,1.0,
duck,dog,0.9285714285714286,1.0,0.8333333333333334,1.0,1.0,1.0,1.0,1.0,0.5,1.0,1.0,1.0,,1.0,1.0,1.0,0.75,1.0,,,1.0,,1.0,1.0,1.0,,,1.0,1.0,0.5,1.0,1.0,1.0,,,,
duck,elephant,0.7857142857142857,1.0,0.6666666666666666,0.6666666666666666,1.0,1.0,1.0,,1.0,0.0,0.5,1.0,0.6666666666666666,,1.0,,0.6666666666666666,0.5,1.0,,,,1.0,1.0,1.0,,,,,1.0,0.0,0.0,1.0,0.5,1.0,,1.0
duck,fish,1.0,1.0,1.0,1.0,,1.0,,,1.0,,1.0,1.0,,1.0,,1.0,1.0,1.0,1.0,,1.0,,,,,,1.0,,,1.0,,1.0,1.0,,,1.0,
duck,foot,0.875,0.5,1.0,1.0,0.5,,,,1.0,,1.0,1.0,1.0,0.0,1.0,,1.0,1.0,1.0,0.0,,,1.0,,,,,,,1.0,,,1.0,,1.0,1.0,1.0
duck,frog,0.6666666666666666,0.6666666666666666,0.5,1.0,,0.6666666666666666,,,0.0,1.0,,1.0,,1.0,0.0,,0.5,1.0,,,1.0,,,0.0,,,,,,0.0,1.0,,1.0,,,,
duck,hand,0.8888888888888888,0.6666666666666666,1.0,1.0,1.0,,0.5,,1.0,,1.0,1.0,,,0.6666666666666666,1.0,1.0,1.0,1.0,,,,1.0,,0.5,,1.0,,,1.0,,1.0,1.0,,,1.0,
duck,rabbit,0.8571428571428571,1.0,0.8333333333333334,,,1.0,,0.5,1.0,1.0,,,,,1.0,1.0,0.75,,,,,,,1.0,,1.0,,1.0,0.0,1.0,1.0,,,,,,
duck,squirrel,0.7142857142857143,0.8571428571428571,0.6666666666666666,0.5,0.6666666666666666,1.0,1.0,,0.0,1.0,0.5,,0.5,0.0,1.0,,0.6666666666666666,0.0,1.0,0.0,,,1.0,1.0,1.0,,,,,0.0,1.0,0.0,,0.0,1.0,,1.0
duck,turtle,0.8333333333333334,1.0,0.75,0.8,1.0,1.0,,,0.0,1.0,0.0,1.0,1.0,1.0,1.0,1.0,0.6666666666666666,,0.8,1.0,1.0,,1.0,,,,,1.0,,0.0,1.0,,,,0.0,1.0,1.0
elephant,bear,0.6666666666666666,0.6,0.5,1.0,1.0,0.0,0.6666666666666666,,0.0,1.0,1.0,1.0,,0.3333333333333333,1.0,0.0,1.0,1.0,1.0,,0.0,0.5,1.0,,1.0,,0.0,,,,1.0,1.0,,,,1.0,
elephant,bird,1.0,1.0,1.0,1.0,1.0,,1.0,1.0,1.0,1.0,1.0,1.0,1.0,1.0,1.0,1.0,1.0,1.0,1.0,,,1.0,1.0,,,,1.0,1.0,1.0,,1.0,1.0,,1.0,,1.0,1.0
elephant,butterfly,0.75,0.6,0.8333333333333334,0.8,1.0,0.0,0.6666666666666666,1.0,1.0,0.0,,0.75,1.0,0.6,,1.0,0.75,1.0,0.6666666666666666,1.0,0.0,0.6666666666666666,,,,1.0,,,1.0,1.0,0.0,,1.0,,,0.5,1.0
elephant,cat,0.8333333333333334,0.5,1.0,0.8571428571428571,,0.0,1.0,1.0,1.0,1.0,1.0,1.0,0.0,,0.5,1.0,1.0,0.75,1.0,,,,,0.0,1.0,1.0,,,,1.0,1.0,1.0,1.0,0.0,1.0,1.0,
elephant,cow,0.8333333333333334,1.0,0.6,1.0,,1.0,1.0,1.0,0.6666666666666666,0.0,,1.0,1.0,1.0,1.0,0.3333333333333333,1.0,,1.0,,1.0,1.0,,1.0,1.0,1.0,0.0,0.0,,1.0,,,,,,1.0,1.0
elephant,dog,0.5555555555555556,0.0,0.6666666666666666,0.6,0.0,,,,,0.6666666666666666,0.0,0.5,1.0,,0.0,1.0,0.0,0.6666666666666666,0.5,,,,0.0,,,,,1.0,,,0.0,0.0,,1.0,,0.5,
elephant,duck,0.7857142857142857,1.0,0.6666666666666666,0.6666666666666666,1.0,1.0,1.0,,1.0,0.0,0.5,1.0,0.6666666666666666,,1.0,,0.6666666666666666,0.5,1.0,,,,1.0,1.0,1.0,,,,,1.0,0.0,0.0,1.0,0.5,1.0,,1.0
elephant,fish,0.9166666666666666,1.0,1.0,0.6666666666666666,1.0,1.0,1.0,1.0,1.0,,1.0,,0.5,1.0,1.0,,1.0,0.5,1.0,1.0,,1.0,1.0,1.0,,,,,1.0,1.0,,1.0,,0.0,,,1.0
elephant,foot,0.9,1.0,1.0,0.6666666666666666,,,1.0,1.0,1.0,1.0,,1.0,0.5,,1.0,1.0,1.0,0.0,1.0,,,,,,1.0,1.0,,,1.0,1.0,1.0,,,0.0,,1.0,1.0
elephant,frog,0.7894736842105263,1.0,0.5,0.75,1.0,1.0,1.0,1.0,0.0,,0.5,0.75,1.0,1.0,1.0,0.3333333333333333,1.0,0.75,,1.0,,,1.0,1.0,1.0,1.0,0.0,,1.0,,,0.5,0.75,1.0,,,
elephant,hand,1.0,1.0,1.0,1.0,,1.0,1.0,,,1.0,,1.0,1.0,1.0,1.0,1.0,1.0,1.0,,,1.0,,,,1.0,,,1.0,,,1.0,,1.0,1.0,,,
elephant,rabbit,0.875,1.0,1.0,0.6666666666666666,,1.0,1.0,,1.0,,0.0,1.0,,1.0,1.0,,1.0,0.5,1.0,,1.0,,,1.0,1.0,,,,,1.0,,0.0,1.0,,,1.0,
elephant,squirrel,0.75,0.5,1.0,0.75,,0.0,1.0,,,1.0,,1.0,0.6666666666666666,,0.5,1.0,1.0,1.0,0.6666666666666666,,,,,0.0,1.0,,,1.0,,,1.0,,1.0,,,,0.6666666666666666
elephant,turtle,0.8,0.8,1.0,0.6666666666666666,0.5,,1.0,,1.0,,1.0,1.0,0.0,1.0,0.75,,1.0,0.0,1.0,,,1.0,0.5,,1.0,,,,,1.0,,,,0.0,1.0,1.0,
fish,bear,0.75,0.6,1.0,,,0.5,0.6666666666666666,,1.0,1.0,,,,1.0,0.5,1.0,1.0,,,,1.0,,,0.0,0.6666666666666666,,1.0,,,1.0,1.0,,,,,,
fish,bird,0.6153846153846154,0.6666666666666666,0.75,0.5,,1.0,0.5,1.0,0.6666666666666666,,0.3333333333333333,0.0,1.0,,0.6666666666666666,1.0,0.5,0.4,1.0,,,,,1.0,0.5,1.0,1.0,,,0.5,,0.3333333333333333,0.0,1.0,,,1.0
fish,butterfly,0.8461538461538461,0.75,1.0,0.75,,0.0,1.0,1.0,1.0,1.0,1.0,1.0,0.5,1.0,0.6666666666666666,1.0,1.0,1.0,0.0,,,1.0,,0.0,1.0,,,1.0,1.0,1.0,1.0,1.0,1.0,1.0,,,0.0
fish,cat,0.5714285714285714,0.0,1.0,0.3333333333333333,,0.0,,,1.0,1.0,,0.0,0.5,,0.0,1.0,1.0,0.5,0.0,,,,,0.0,,,1.0,,,,1.0,,0.0,1.0,,,0.0
fish,cow,0.7272727272727273,1.0,0.8333333333333334,0.5,,,1.0,1.0,1.0,0.6666666666666666,0.0,,0.6666666666666666,,1.0,1.0,0.75,0.3333333333333333,1.0,,,,,,1.0,,1.0,1.0,1.0,,0.5,0.0,,0.5,,,1.0
fish,dog,0.7272727272727273,1.0,1.0,0.4,,1.0,1.0,1.0,,1.0,0.0,,0.6666666666666666,1.0,1.0,1.0,1.0,0.0,1.0,,1.0,1.0,,,1.0,1.0,,,,,1.0,0.0,,0.0,,,1.0
fish,duck,1.0,1.0,1.0,1.0,,1.0,,,1.0,,1.0,1.0,,1.0,,1.0,1.0,1.0,1.0,,1.0,,,,,,1.0,,,1.0,,1.0,1.0,,,1.0,
fish,elephant,0.9166666666666666,1.0,1.0,0.6666666666666666,1.0,1.0,1.0,1.0,1.0,,1.0,,0.5,1.0,1.0,,1.0,0.5,1.0,1.0,,1.0,1.0,1.0,,,,,1.0,1.0,,1.0,,0.0,,,1.0
fish,foot,0.9166666666666666,1.0,1.0,0.6666666666666666,1.0,,1.0,1.0,1.0,1.0,1.0,0.5,,1.0,1.0,1.0,1.0,0.0,1.0,1.0,,,,,1.0,1.0,,,1.0,1.0,1.0,,0.0,,1.0,1.0,
fish,frog,0.9166666666666666,0.75,1.0,1.0,0.6666666666666666,1.0,,,1.0,1.0,,1.0,1.0,,0.75,1.0,1.0,1.0,1.0,,,,0.6666666666666666,1.0,,,,1.0,,1.0,1.0,,,1.0,,1.0,
fish,hand,0.7692307692307693,0.3333333333333333,0.8888888888888888,1.0,0.0,0.0,1.0,0.5,1.0,1.0,,1.0,,,0.3333333333333333,0.8,1.0,1.0,,,,,0.0,0.0,1.0,0.0,1.0,1.0,1.0,1.0,1.0,,1.0,,,,
fish,rabbit,0.8333333333333334,0.6666666666666666,1.0,1.0,0.5,,0.75,1.0,1.0,1.0,,1.0,1.0,0.0,0.8,1.0,1.0,1.0,,0.0,,,1.0,,0.75,,1.0,1.0,1.0,,,,1.0,1.0,,,
fish,squirrel,0.5294117647058824,0.6666666666666666,0.5,0.42857142857142855,,0.0,1.0,,0.0,1.0,0.0,1.0,0.4,0.5,1.0,1.0,0.0,0.0,0.75,,0.0,1.0,,,1.0,,,1.0,,0.0,,0.0,,0.0,,1.0,0.6666666666666666
fish,turtle,0.8571428571428571,1.0,1.0,0.5,,,1.0,,1.0,1.0,,0.5,,1.0,1.0,1.0,1.0,,0.5,,,1.0,,,1.0,,,1.0,,1.0,,,,,,0.5,
flower,airplane,0.8461538461538461,1.0,0.8333333333333334,0.75,,1.0,1.0,1.0,1.0,0.6666666666666666,,0.0,1.0,1.0,1.0,1.0,0.6666666666666666,1.0,0.5,,1.0,,,,1.0,,1.0,1.0,1.0,,0.5,,,1.0,,0.0,1.0
flower,apple,1.0,1.0,1.0,1.0,1.0,,1.0,,1.0,1.0,,1.0,,,1.0,1.0,1.0,1.0,1.0,,,,1.0,,1.0,,,1.0,,1.0,1.0,,1.0,,,1.0,
flower,bike,,,,,,,,,,,,,,,,,,,,,,,,,,,,,,,,,,,,,
flower,chair,0.75,1.0,0.8,0.5,1.0,1.0,,1.0,0.6666666666666666,1.0,,0.0,0.6666666666666666,1.0,1.0,0.8,,0.5,0.5,,1.0,,1.0,1.0,,1.0,0.6666666666666666,1.0,,,,,,0.5,,0.0,1.0
flower,fork,0.5454545454545454,0.5,0.8,0.25,0.0,,1.0,,0.75,1.0,,0.0,0.5,,0.5,1.0,0.75,0.3333333333333333,0.0,,,,0.0,,1.0,,1.0,,,0.6666666666666666,1.0,,0.0,0.5,,0.0,
flower,guitar,0.9230769230769231,1.0,1.0,0.8,1.0,1.0,1.0,1.0,,1.0,,0.75,1.0,,1.0,1.0,1.0,0.5,1.0,,,,1.0,1.0,1.0,1.0,,,,,1.0,,0.0,1.0,,1.0,
flower,key,0.7058823529411765,0.75,0.8333333333333334,0.5714285714285714,,0.5,1.0,1.0,0.5,1.0,0.5,1.0,0.3333333333333333,,0.75,0.5,1.0,0.3333333333333333,0.75,,,,,0.5,1.0,1.0,0.0,,1.0,1.0,1.0,0.0,1.0,0.0,1.0,1.0,0.5
flower,kite,0.6428571428571429,0.5,0.75,0.75,,0.5,0.5,,1.0,0.5,0.5,1.0,1.0,,0.5,1.0,0.6666666666666666,0.5,1.0,,,,,0.5,0.5,,1.0,,,1.0,0.5,0.5,,,,1.0,1.0
flower,lamp,0.8947368421052632,0.8333333333333334,1.0,0.8333333333333334,0.0,1.0,1.0,1.0,1.0,1.0,1.0,1.0,0.5,0.5,1.0,1.0,1.0,1.0,0.6666666666666666,0.0,1.0,,,1.0,1.0,1.0,1.0,,,1.0,1.0,1.0,1.0,,,1.0,0.5
flower,leaf,1.0,1.0,1.0,1.0,1.0,,1.0,1.0,1.0,,,1.0,1.0,1.0,1.0,1.0,1.0,,1.0,1.0,,1.0,1.0,,1.0,,1.0,,1.0,,,,,,,1.0,1.0
flower,spoon,0.7777777777777778,0.8,1.0,0.5,1.0,0.5,1.0,,,1.0,1.0,,0.0,,0.8,1.0,1.0,0.0,1.0,,,,1.0,0.5,1.0,,,1.0,,,1.0,,,0.0,1.0,,
flower,tree,0.7777777777777778,0.6,1.0,1.0,0.0,1.0,1.0,1.0,1.0,1.0,,1.0,,,0.6,1.0,1.0,1.0,,,,,0.0,1.0,1.0,1.0,,1.0,,1.0,,,1.0,,,,
flower,truck,0.8181818181818182,1.0,0.6,1.0,1.0,1.0,1.0,,0.6666666666666666,0.5,,1.0,,1.0,1.0,,0.6,1.0,,,1.0,,1.0,1.0,1.0,,,,,0.6666666666666666,0.5,,1.0,,,,
flower,umbrella,0.7,0.3333333333333333,1.0,0.6666666666666666,1.0,0.0,0.0,1.0,1.0,1.0,0.0,1.0,1.0,,0.3333333333333333,1.0,1.0,0.6666666666666666,,,,,1.0,0.0,0.0,1.0,,,,1.0,1.0,0.0,1.0,1.0,,,
foot,bear,0.6666666666666666,1.0,0.5,0.75,1.0,,,0.0,0.5,1.0,,1.0,0.5,1.0,,,0.5,1.0,0.6666666666666666,1.0,,,,,,,,,0.0,0.5,1.0,,,1.0,,1.0,0.0
foot,bird,0.8,0.8571428571428571,0.5,1.0,,1.0,0.8,1.0,0.0,,,1.0,,1.0,0.8333333333333334,,0.5,,1.0,,,1.0,,1.0,0.75,,,,1.0,0.0,,,,,,1.0,
foot,butterfly,0.9,0.8,1.0,1.0,1.0,0.6666666666666666,1.0,,1.0,1.0,,1.0,1.0,0.0,1.0,,1.0,1.0,1.0,,0.0,,1.0,1.0,1.0,,,,,1.0,1.0,,,1.0,,1.0,
foot,cat,0.9090909090909091,1.0,0.5,1.0,1.0,1.0,1.0,1.0,0.0,,,1.0,1.0,1.0,1.0,,0.5,1.0,1.0,1.0,,1.0,,1.0,1.0,,,,1.0,0.0,,,1.0,1.0,,1.0,
foot,cow,0.6923076923076923,0.8,0.8333333333333334,0.0,,1.0,0.5,,0.6666666666666666,1.0,,0.0,0.0,,0.8,1.0,0.75,0.0,,,,,,1.0,0.5,,1.0,1.0,,0.5,1.0,,0.0,0.0,,,
foot,dog,0.7333333333333333,0.75,0.75,0.7142857142857143,0.5,1.0,1.0,1.0,0.5,1.0,0.5,0.5,1.0,1.0,0.6666666666666666,0.0,1.0,0.5,1.0,,,1.0,0.5,1.0,,,0.0,,1.0,1.0,1.0,0.5,0.0,1.0,,1.0,1.0
foot,duck,0.875,0.5,1.0,1.0,0.5,,,,1.0,,1.0,1.0,1.0,0.0,1.0,,1.0,1.0,1.0,0.0,,,1.0,,,,,,,1.0,,,1.0,,1.0,1.0,1.0
foot,elephant,0.9,1.0,1.0,0.6666666666666666,,,1.0,1.0,1.0,1.0,,1.0,0.5,,1.0,1.0,1.0,0.0,1.0,,,,,,1.0,1.0,,,1.0,1.0,1.0,,,0.0,,1.0,1.0
foot,fish,0.9166666666666666,1.0,1.0,0.6666666666666666,1.0,,1.0,1.0,1.0,1.0,1.0,0.5,,1.0,1.0,1.0,1.0,0.0,1.0,1.0,,,,,1.0,1.0,,,1.0,1.0,1.0,,0.0,,1.0,1.0,
foot,frog,0.875,1.0,1.0,0.5,,1.0,,1.0,,1.0,,1.0,0.0,1.0,,,1.0,0.0,1.0,,1.0,,,,,,,,1.0,,1.0,,,0.0,,1.0,
foot,hand,0.9230769230769231,1.0,1.0,0.75,1.0,,1.0,1.0,1.0,1.0,0.5,1.0,1.0,1.0,1.0,1.0,1.0,0.75,,1.0,,,1.0,,1.0,,1.0,1.0,1.0,1.0,,0.5,1.0,1.0,,,
foot,rabbit,0.8,0.8,1.0,0.75,1.0,1.0,0.5,,,1.0,,0.6666666666666666,1.0,1.0,0.75,,1.0,1.0,0.6666666666666666,,1.0,,1.0,,0.5,,,,,,1.0,,1.0,,,0.5,1.0
foot,squirrel,0.9,0.6666666666666666,1.0,1.0,1.0,0.0,1.0,1.0,1.0,,,1.0,1.0,0.5,1.0,1.0,1.0,1.0,1.0,,0.0,1.0,1.0,,,1.0,1.0,,1.0,1.0,,,1.0,1.0,,1.0,
foot,turtle,0.6,0.5,0.75,0.5,,0.0,1.0,,0.6666666666666666,1.0,,0.5,0.5,0.0,1.0,1.0,0.6666666666666666,1.0,0.0,,0.0,,,,1.0,,,1.0,,0.6666666666666666,,,1.0,1.0,,0.0,0.0
fork,airplane,0.6363636363636364,0.8,1.0,0.4,0.5,1.0,1.0,,,1.0,0.5,0.3333333333333333,,1.0,0.75,,1.0,0.0,0.5,1.0,,,0.0,1.0,1.0,,,,,,1.0,0.0,,,1.0,0.3333333333333333,
fork,apple,0.75,1.0,1.0,0.3333333333333333,,1.0,1.0,,1.0,1.0,0.3333333333333333,,,,1.0,1.0,,0.5,0.0,,,,,1.0,1.0,,1.0,1.0,,,,0.5,,,0.0,,
fork,bike,,,,,,,,,,,,,,,,,,,,,,,,,,,,,,,,,,,,,
fork,chair,0.7272727272727273,1.0,0.6666666666666666,0.6666666666666666,,1.0,1.0,0.0,0.75,1.0,,0.5,1.0,1.0,1.0,0.6666666666666666,0.6666666666666666,0.0,1.0,,,1.0,,1.0,,0.0,1.0,,,0.5,1.0,,0.0,,,1.0,1.0
fork,flower,0.5454545454545454,0.5,0.8,0.25,0.0,,1.0,,0.75,1.0,,0.0,0.5,,0.5,1.0,0.75,0.3333333333333333,0.0,,,,0.0,,1.0,,1.0,,,0.6666666666666666,1.0,,0.0,0.5,,0.0,
fork,guitar,0.8181818181818182,0.6666666666666666,1.0,0.8,,0.5,1.0,,1.0,1.0,1.0,0.5,1.0,,0.6666666666666666,1.0,1.0,1.0,0.5,,,,,0.5,1.0,,,1.0,,1.0,,1.0,,1.0,,0.5,
fork,key,1.0,1.0,1.0,1.0,1.0,,1.0,1.0,1.0,1.0,1.0,,1.0,,1.0,1.0,1.0,1.0,1.0,,,,1.0,,1.0,,1.0,1.0,1.0,,,1.0,,1.0,,,1.0
fork,kite,0.6428571428571429,0.75,0.5,0.625,,0.0,1.0,,0.5,,0.6666666666666666,0.5,0.6666666666666666,1.0,0.6666666666666666,,0.5,1.0,0.5,,,1.0,,0.0,1.0,,,,,0.5,,1.0,,1.0,0.5,0.5,0.5
fork,lamp,0.6470588235294118,0.625,0.75,0.6,0.0,0.6,1.0,0.5,1.0,1.0,1.0,0.0,0.5,0.6666666666666666,0.6,1.0,0.6666666666666666,1.0,0.5,0.0,1.0,,,0.3333333333333333,1.0,,,1.0,0.5,1.0,,1.0,,,1.0,0.0,0.5
fork,leaf,1.0,1.0,1.0,1.0,1.0,1.0,1.0,,1.0,1.0,,,1.0,1.0,1.0,1.0,1.0,1.0,,1.0,1.0,1.0,1.0,1.0,,,,1.0,,1.0,1.0,,,1.0,,,
fork,spoon,0.6363636363636364,1.0,0.8333333333333334,0.0,,1.0,1.0,1.0,0.5,1.0,0.0,0.0,0.0,1.0,1.0,1.0,0.6666666666666666,0.0,0.0,,1.0,,,,1.0,1.0,1.0,1.0,1.0,0.0,1.0,0.0,,,,0.0,0.0
fork,tree,0.9090909090909091,0.6666666666666666,1.0,1.0,1.0,0.0,1.0,,1.0,1.0,,1.0,1.0,1.0,0.5,1.0,1.0,1.0,1.0,,,1.0,1.0,0.0,,,1.0,1.0,,,1.0,,,1.0,,1.0,1.0
fork,truck,0.8181818181818182,1.0,0.8,0.5,1.0,,1.0,1.0,0.0,1.0,0.0,1.0,,1.0,1.0,,0.8,0.0,1.0,1.0,,,,,1.0,,,,1.0,0.0,1.0,0.0,,,,1.0,
fork,umbrella,0.6666666666666666,1.0,1.0,0.5555555555555556,,1.0,,1.0,,,0.25,0.6666666666666666,1.0,,1.0,,1.0,0.5,0.6,,,,,1.0,,,,,1.0,,,0.3333333333333333,1.0,,0.0,0.5,1.0
frog,bear,1.0,1.0,1.0,1.0,,1.0,1.0,,,1.0,1.0,,,1.0,1.0,,1.0,1.0,1.0,,,1.0,,1.0,,,,,,,1.0,1.0,,,1.0,,
frog,bird,0.7692307692307693,1.0,0.8,0.3333333333333333,1.0,,1.0,1.0,1.0,0.5,,0.0,0.5,1.0,1.0,1.0,0.75,0.5,0.0,1.0,,,1.0,,1.0,,1.0,,1.0,1.0,0.5,,0.0,1.0,,,0.0
frog,butterfly,0.9090909090909091,1.0,0.6666666666666666,1.0,1.0,1.0,1.0,,1.0,0.0,,1.0,1.0,1.0,1.0,0.6666666666666666,,1.0,1.0,1.0,1.0,,,,1.0,,1.0,0.0,,,,,1.0,,,1.0,1.0
frog,cat,0.7,0.5,0.6666666666666666,0.8,0.0,,1.0,1.0,0.5,,,0.75,1.0,0.5,,1.0,0.5,0.5,1.0,0.0,,1.0,,,,1.0,,,,0.5,,,0.5,,,1.0,1.0
frog,cow,0.8571428571428571,1.0,1.0,0.5,,,1.0,1.0,,,0.0,1.0,,1.0,1.0,1.0,,0.0,1.0,,,1.0,,,1.0,1.0,,,,,,0.0,,,,1.0,
frog,dog,0.6875,0.5,1.0,0.5,0.5,,0.5,,1.0,1.0,,0.5,,1.0,0.3333333333333333,,1.0,,0.5,1.0,,,0.25,,0.5,,,,,1.0,1.0,,,,,0.5,
frog,duck,0.6666666666666666,0.6666666666666666,0.5,1.0,,0.6666666666666666,,,0.0,1.0,,1.0,,1.0,0.0,,0.5,1.0,,,1.0,,,0.0,,,,,,0.0,1.0,,1.0,,,,
frog,elephant,0.7894736842105263,1.0,0.5,0.75,1.0,1.0,1.0,1.0,0.0,,0.5,0.75,1.0,1.0,1.0,0.3333333333333333,1.0,0.75,,1.0,,,1.0,1.0,1.0,1.0,0.0,,1.0,,,0.5,0.75,1.0,,,
frog,fish,0.9166666666666666,0.75,1.0,1.0,0.6666666666666666,1.0,,,1.0,1.0,,1.0,1.0,,0.75,1.0,1.0,1.0,1.0,,,,0.6666666666666666,1.0,,,,1.0,,1.0,1.0,,,1.0,,1.0,
frog,foot,0.875,1.0,1.0,0.5,,1.0,,1.0,,1.0,,1.0,0.0,1.0,,,1.0,0.0,1.0,,1.0,,,,,,,,1.0,,1.0,,,0.0,,1.0,
frog,hand,0.7777777777777778,0.8,1.0,0.6666666666666666,0.6666666666666666,1.0,1.0,,1.0,,1.0,1.0,0.0,0.6666666666666666,1.0,,1.0,,0.6666666666666666,0.5,1.0,,1.0,,1.0,,,,,1.0,,,,,1.0,1.0,0.0
frog,rabbit,0.5555555555555556,0.6666666666666666,0.5,0.5,0.0,1.0,1.0,,1.0,0.0,0.3333333333333333,,1.0,0.5,1.0,,0.5,0.5,,0.0,,1.0,,1.0,,,,,,1.0,0.0,0.3333333333333333,,1.0,,,
frog,squirrel,0.5789473684210527,0.6,0.75,0.4,1.0,0.6666666666666666,0.4,1.0,,0.6666666666666666,0.0,0.5,0.5,0.5,0.625,,0.75,0.6666666666666666,0.0,,,0.5,1.0,0.6666666666666666,0.3333333333333333,,,,1.0,,0.6666666666666666,,0.5,1.0,0.0,,0.0
frog,turtle,0.6666666666666666,0.6,0.75,0.6666666666666666,1.0,1.0,0.0,1.0,0.5,1.0,1.0,0.0,1.0,,0.6,0.5,1.0,1.0,0.5,,,,1.0,1.0,0.0,,0.0,1.0,1.0,1.0,,1.0,,,,0.0,1.0
hand,bear,0.75,1.0,0.75,0.6666666666666666,,,1.0,,1.0,0.5,,0.5,1.0,1.0,,1.0,0.6666666666666666,1.0,0.0,,,1.0,,,,,,1.0,,1.0,0.0,,1.0,1.0,,0.0,
hand,bird,0.875,0.8,1.0,1.0,,1.0,0.6666666666666666,1.0,,1.0,,,1.0,1.0,0.75,1.0,,,1.0,,1.0,,,1.0,0.6666666666666666,1.0,,1.0,,,,,,,,,1.0
hand,butterfly,0.7272727272727273,1.0,0.6,0.6666666666666666,1.0,1.0,,1.0,0.0,1.0,1.0,0.5,,1.0,1.0,0.5,0.6666666666666666,0.5,1.0,1.0,1.0,,,1.0,,,0.0,1.0,1.0,0.0,1.0,1.0,0.0,,,1.0,
hand,cat,0.9166666666666666,1.0,1.0,0.75,1.0,1.0,1.0,1.0,1.0,1.0,,1.0,0.5,1.0,1.0,,1.0,1.0,0.6666666666666666,,1.0,,1.0,1.0,1.0,,,,1.0,1.0,1.0,,1.0,,,1.0,0.5
hand,cow,0.6923076923076923,0.4,0.8,1.0,0.5,0.3333333333333333,,1.0,0.5,1.0,,1.0,1.0,0.3333333333333333,0.5,1.0,0.75,1.0,1.0,0.5,0.0,,,0.5,,1.0,,,,0.5,1.0,,1.0,1.0,,,1.0
hand,dog,0.8,1.0,1.0,0.6666666666666666,,1.0,1.0,,1.0,,0.75,1.0,0.0,,1.0,,1.0,0.6666666666666666,0.6666666666666666,,,,,1.0,1.0,,,,,1.0,,0.6666666666666666,,,1.0,1.0,0.0
hand,duck,0.8888888888888888,0.6666666666666666,1.0,1.0,1.0,,0.5,,1.0,,1.0,1.0,,,0.6666666666666666,1.0,1.0,1.0,1.0,,,,1.0,,0.5,,1.0,,,1.0,,1.0,1.0,,,1.0,
hand,elephant,1.0,1.0,1.0,1.0,,1.0,1.0,,,1.0,,1.0,1.0,1.0,1.0,1.0,1.0,1.0,,,1.0,,,,1.0,,,1.0,,,1.0,,1.0,1.0,,,
hand,fish,0.7692307692307693,0.3333333333333333,0.8888888888888888,1.0,0.0,0.0,1.0,0.5,1.0,1.0,,1.0,,,0.3333333333333333,0.8,1.0,1.0,,,,,0.0,0.0,1.0,0.0,1.0,1.0,1.0,1.0,1.0,,1.0,,,,
hand,foot,0.9230769230769231,1.0,1.0,0.75,1.0,,1.0,1.0,1.0,1.0,0.5,1.0,1.0,1.0,1.0,1.0,1.0,0.75,,1.0,,,1.0,,1.0,,1.0,1.0,1.0,1.0,,0.5,1.0,1.0,,,
hand,frog,0.7777777777777778,0.8,1.0,0.6666666666666666,0.6666666666666666,1.0,1.0,,1.0,,1.0,1.0,0.0,0.6666666666666666,1.0,,1.0,,0.6666666666666666,0.5,1.0,,1.0,,1.0,,,,,1.0,,,,,1.0,1.0,0.0
hand,rabbit,0.875,0.5,1.0,1.0,,1.0,0.0,,1.0,1.0,1.0,1.0,,,0.5,1.0,1.0,1.0,1.0,,,,,1.0,0.0,,1.0,1.0,,1.0,,1.0,,,,1.0,
hand,squirrel,0.625,0.5,0.6,0.7142857142857143,,0.5,0.5,0.3333333333333333,,1.0,,0.6,1.0,1.0,0.3333333333333333,0.5,0.6666666666666666,1.0,0.5,,1.0,,,0.0,0.5,0.0,,1.0,0.5,,1.0,,1.0,1.0,,0.5,
hand,turtle,0.8571428571428571,0.75,1.0,1.0,0.5,1.0,1.0,1.0,,1.0,,1.0,,1.0,0.6666666666666666,1.0,1.0,,1.0,1.0,,,0.0,1.0,1.0,1.0,,,,,1.0,,,,,1.0,
guitar,airplane,0.875,1.0,0.6666666666666666,1.0,,,1.0,,0.5,1.0,1.0,,1.0,1.0,1.0,,0.6666666666666666,1.0,1.0,,,1.0,,,1.0,,,,,0.5,1.0,1.0,,,,,1.0
guitar,apple,0.9090909090909091,1.0,0.75,1.0,,1.0,1.0,0.0,1.0,1.0,,1.0,1.0,1.0,1.0,1.0,0.6666666666666666,1.0,1.0,,,1.0,,1.0,,,1.0,,0.0,1.0,1.0,,,1.0,,1.0,
guitar,bike,,,,,,,,,,,,,,,,,,,,,,,,,,,,,,,,,,,,,
guitar,chair,0.7,0.5,0.6666666666666666,1.0,,,0.5,1.0,0.0,1.0,1.0,1.0,,,0.5,,0.6666666666666666,1.0,,,,,,,0.5,,,,1.0,0.0,1.0,1.0,1.0,,,,
guitar,flower,0.9230769230769231,1.0,1.0,0.8,1.0,1.0,1.0,1.0,,1.0,,0.75,1.0,,1.0,1.0,1.0,0.5,1.0,,,,1.0,1.0,1.0,1.0,,,,,1.0,,0.0,1.0,,1.0,
guitar,fork,0.8181818181818182,0.6666666666666666,1.0,0.8,,0.5,1.0,,1.0,1.0,1.0,0.5,1.0,,0.6666666666666666,1.0,1.0,1.0,0.5,,,,,0.5,1.0,,,1.0,,1.0,,1.0,,1.0,,0.5,
guitar,key,0.6428571428571429,0.6,0.6,0.75,0.6666666666666666,,0.5,,0.5,1.0,1.0,0.0,1.0,1.0,0.5,1.0,0.5,1.0,0.5,,,1.0,0.6666666666666666,,0.0,,1.0,,,0.3333333333333333,1.0,,,1.0,1.0,0.0,
guitar,kite,0.7058823529411765,0.5,0.7142857142857143,0.8333333333333334,0.0,1.0,0.5,0.0,1.0,0.75,1.0,0.6666666666666666,1.0,0.5,0.5,0.6666666666666666,0.75,1.0,0.5,0.0,1.0,,,,0.5,,,0.6666666666666666,0.0,1.0,1.0,1.0,1.0,,,0.0,1.0
guitar,lamp,1.0,1.0,1.0,1.0,1.0,1.0,1.0,1.0,,1.0,,1.0,,1.0,1.0,1.0,1.0,,1.0,1.0,1.0,,,,1.0,1.0,,1.0,,,1.0,,,,,1.0,
guitar,leaf,0.8571428571428571,1.0,1.0,0.6666666666666666,,1.0,1.0,1.0,1.0,1.0,1.0,1.0,0.3333333333333333,1.0,1.0,1.0,1.0,0.6666666666666666,0.6666666666666666,,1.0,,,1.0,1.0,1.0,,,1.0,1.0,1.0,1.0,1.0,0.0,,1.0,0.5
guitar,spoon,0.8333333333333334,0.75,0.6666666666666666,1.0,,1.0,0.6666666666666666,1.0,0.0,1.0,,1.0,1.0,0.5,1.0,1.0,0.0,1.0,1.0,,,0.5,,1.0,1.0,1.0,,1.0,,0.0,,,1.0,1.0,,1.0,
guitar,tree,0.8888888888888888,1.0,1.0,0.6666666666666666,1.0,,1.0,,1.0,1.0,1.0,0.0,1.0,1.0,1.0,1.0,1.0,1.0,0.0,,,1.0,1.0,,,,,1.0,,1.0,1.0,1.0,,1.0,,0.0,
guitar,truck,0.9166666666666666,1.0,0.8333333333333334,1.0,1.0,1.0,,1.0,0.6666666666666666,1.0,1.0,,,1.0,1.0,1.0,0.8,1.0,1.0,,1.0,,1.0,1.0,,,1.0,,1.0,0.5,1.0,1.0,,,1.0,,
guitar,umbrella,1.0,1.0,1.0,1.0,1.0,1.0,1.0,,1.0,1.0,,1.0,1.0,1.0,1.0,1.0,1.0,1.0,,,,1.0,1.0,1.0,,,,1.0,,1.0,1.0,,1.0,1.0,,,
key,airplane,0.7857142857142857,1.0,0.6666666666666666,0.6666666666666666,1.0,1.0,1.0,0.0,1.0,,1.0,0.5,0.6666666666666666,1.0,1.0,,0.6666666666666666,0.6666666666666666,0.6666666666666666,,1.0,,1.0,1.0,1.0,,,,0.0,1.0,,1.0,1.0,0.0,,0.0,1.0
key,apple,0.7777777777777778,0.7142857142857143,1.0,0.6666666666666666,0.5,1.0,1.0,,1.0,1.0,,0.5,0.75,0.8,0.5,1.0,1.0,0.0,1.0,0.5,1.0,1.0,0.5,,,,1.0,,,1.0,1.0,,0.0,0.0,,1.0,1.0
key,bike,,,,,,,,,,,,,,,,,,,,,,,,,,,,,,,,,,,,,
key,chair,0.6666666666666666,0.75,0.7142857142857143,0.5,0.75,0.0,1.0,0.5,1.0,,0.0,0.6666666666666666,0.5,1.0,0.6666666666666666,0.6666666666666666,0.75,0.6666666666666666,0.3333333333333333,,,1.0,0.75,0.0,1.0,0.5,1.0,,0.5,1.0,,,1.0,0.5,0.0,0.5,
key,flower,0.7058823529411765,0.75,0.8333333333333334,0.5714285714285714,,0.5,1.0,1.0,0.5,1.0,0.5,1.0,0.3333333333333333,,0.75,0.5,1.0,0.3333333333333333,0.75,,,,,0.5,1.0,1.0,0.0,,1.0,1.0,1.0,0.0,1.0,0.0,1.0,1.0,0.5
key,fork,1.0,1.0,1.0,1.0,1.0,,1.0,1.0,1.0,1.0,1.0,,1.0,,1.0,1.0,1.0,1.0,1.0,,,,1.0,,1.0,,1.0,1.0,1.0,,,1.0,,1.0,,,1.0
key,guitar,0.6428571428571429,0.6,0.6,0.75,0.6666666666666666,,0.5,,0.5,1.0,1.0,0.0,1.0,1.0,0.5,1.0,0.5,1.0,0.5,,,1.0,0.6666666666666666,,0.0,,1.0,,,0.3333333333333333,1.0,,,1.0,1.0,0.0,
key,kite,0.8461538461538461,0.8,0.75,1.0,1.0,0.5,1.0,1.0,,0.6666666666666666,,1.0,1.0,1.0,0.6666666666666666,0.6666666666666666,1.0,1.0,1.0,1.0,,1.0,1.0,0.5,,1.0,,0.5,,,1.0,,,1.0,,1.0,1.0
key,lamp,0.8,0.8333333333333334,0.75,,1.0,1.0,0.75,1.0,0.5,,,,,1.0,0.6666666666666666,1.0,0.5,,,,,1.0,1.0,1.0,0.0,1.0,1.0,,1.0,0.0,,,,,,,
key,leaf,0.7142857142857143,0.5,0.8333333333333334,0.75,1.0,0.0,1.0,1.0,0.75,1.0,1.0,0.0,1.0,0.0,0.6666666666666666,0.75,1.0,0.6666666666666666,1.0,,0.0,,1.0,0.0,1.0,1.0,0.5,1.0,,1.0,,1.0,0.0,1.0,1.0,,
key,spoon,0.7777777777777778,0.6666666666666666,1.0,0.6666666666666666,1.0,1.0,0.3333333333333333,1.0,1.0,,,0.6,1.0,0.5,0.75,1.0,1.0,1.0,0.6,,1.0,0.0,1.0,1.0,0.5,1.0,1.0,,1.0,1.0,,,1.0,,,0.5,1.0
key,tree,0.8461538461538461,1.0,0.8571428571428571,0.5,1.0,1.0,1.0,1.0,1.0,0.75,,,0.5,1.0,1.0,0.5,1.0,,0.5,,1.0,,1.0,,1.0,,1.0,0.0,1.0,1.0,1.0,,,,,,0.5
key,truck,0.8076923076923077,1.0,1.0,0.6153846153846154,1.0,1.0,1.0,1.0,1.0,1.0,0.5,0.25,0.8571428571428571,1.0,1.0,1.0,1.0,0.5,0.7142857142857143,1.0,,1.0,1.0,1.0,1.0,1.0,,1.0,1.0,1.0,1.0,,0.3333333333333333,0.6666666666666666,0.5,0.0,1.0
key,umbrella,0.5555555555555556,0.6666666666666666,0.5714285714285714,0.0,0.5,0.6,1.0,1.0,0.6666666666666666,0.3333333333333333,,0.0,0.0,,0.6666666666666666,0.6666666666666666,0.5,,0.0,,,,0.5,0.6,1.0,1.0,1.0,0.0,,0.5,0.5,,,,,0.0,0.0
kite,airplane,0.8181818181818182,1.0,0.6666666666666666,0.6666666666666666,1.0,1.0,1.0,1.0,0.5,,1.0,0.5,,1.0,1.0,,0.6666666666666666,1.0,0.5,,,1.0,1.0,1.0,1.0,,,,1.0,0.5,,1.0,,,,0.5,
kite,apple,0.6666666666666666,1.0,0.5,0.6,,1.0,1.0,0.0,1.0,,,0.5,0.6666666666666666,1.0,1.0,,0.5,0.75,0.0,,1.0,,,,1.0,,,,0.0,1.0,,,0.5,1.0,,,0.0
kite,bike,,,,,,,,,,,,,,,,,,,,,,,,,,,,,,,,,,,,,
kite,chair,1.0,1.0,1.0,,,,1.0,1.0,1.0,1.0,,,,,1.0,,1.0,,,,,,,,1.0,,,,1.0,1.0,1.0,,,,,,
kite,flower,0.6428571428571429,0.5,0.75,0.75,,0.5,0.5,,1.0,0.5,0.5,1.0,1.0,,0.5,1.0,0.6666666666666666,0.5,1.0,,,,,0.5,0.5,,1.0,,,1.0,0.5,0.5,,,,1.0,1.0
kite,fork,0.6428571428571429,0.75,0.5,0.625,,0.0,1.0,,0.5,,0.6666666666666666,0.5,0.6666666666666666,1.0,0.6666666666666666,,0.5,1.0,0.5,,,1.0,,0.0,1.0,,,,,0.5,,1.0,,1.0,0.5,0.5,0.5
kite,guitar,0.7058823529411765,0.5,0.7142857142857143,0.8333333333333334,0.0,1.0,0.5,0.0,1.0,0.75,1.0,0.6666666666666666,1.0,0.5,0.5,0.6666666666666666,0.75,1.0,0.5,0.0,1.0,,,,0.5,,,0.6666666666666666,0.0,1.0,1.0,1.0,1.0,,,0.0,1.0
kite,key,0.8461538461538461,0.8,0.75,1.0,1.0,0.5,1.0,1.0,,0.6666666666666666,,1.0,1.0,1.0,0.6666666666666666,0.6666666666666666,1.0,1.0,1.0,1.0,,1.0,1.0,0.5,,1.0,,0.5,,,1.0,,,1.0,,1.0,1.0
kite,lamp,0.7,1.0,0.3333333333333333,0.8,1.0,,,,0.0,0.5,,0.6666666666666666,1.0,1.0,1.0,,0.3333333333333333,1.0,0.75,1.0,,,1.0,,,,,,,0.0,0.5,,,1.0,,0.6666666666666666,1.0
kite,leaf,0.8235294117647058,0.6666666666666666,0.9,0.75,1.0,,0.5,1.0,0.6666666666666666,1.0,1.0,0.5,1.0,,0.6666666666666666,0.8571428571428571,1.0,0.6666666666666666,1.0,,,,1.0,,0.5,1.0,0.6666666666666666,1.0,1.0,,1.0,1.0,0.0,1.0,,1.0,
kite,spoon,0.75,0.8333333333333334,0.75,0.6666666666666666,1.0,0.5,1.0,0.5,,1.0,0.5,1.0,0.6666666666666666,1.0,0.6666666666666666,0.0,1.0,0.6666666666666666,0.6666666666666666,1.0,1.0,1.0,,0.0,1.0,0.0,,,1.0,,1.0,0.0,1.0,1.0,1.0,,0.5
kite,tree,0.7777777777777778,0.6666666666666666,0.8,1.0,1.0,0.0,,,0.75,1.0,,1.0,,0.5,1.0,0.0,1.0,,1.0,1.0,0.0,,1.0,,,,0.0,,,1.0,1.0,,,,,1.0,
kite,truck,0.6666666666666666,1.0,0.0,0.6666666666666666,,1.0,1.0,,0.0,,0.0,1.0,1.0,1.0,1.0,,0.0,0.6666666666666666,,,1.0,,,,1.0,,,,,0.0,,0.0,1.0,1.0,,,
kite,umbrella,0.6666666666666666,0.5,0.6666666666666666,1.0,0.0,,1.0,0.0,1.0,1.0,,,1.0,0.0,1.0,1.0,0.5,1.0,,0.0,,,,,1.0,,1.0,,0.0,,1.0,,,1.0,,,
lamp,airplane,0.75,1.0,0.6,0.6666666666666666,1.0,1.0,,0.0,0.5,1.0,1.0,0.5,,1.0,,,0.6,0.6666666666666666,,1.0,1.0,,,,,,,,0.0,0.5,1.0,1.0,0.5,,,,
lamp,apple,0.7692307692307693,1.0,0.6666666666666666,0.75,1.0,1.0,,0.3333333333333333,1.0,1.0,,1.0,0.6666666666666666,1.0,1.0,1.0,0.5,0.0,1.0,,1.0,,1.0,,,,1.0,1.0,0.3333333333333333,1.0,,,,0.0,,1.0,1.0
lamp,bike,,,,,,,,,,,,,,,,,,,,,,,,,,,,,,,,,,,,,
lamp,chair,0.7692307692307693,1.0,0.8,0.3333333333333333,,1.0,1.0,1.0,0.6666666666666666,1.0,,0.3333333333333333,,1.0,1.0,,0.8,0.5,0.0,,,1.0,,1.0,1.0,,,,1.0,0.6666666666666666,1.0,,0.5,,,0.0,
lamp,flower,0.8947368421052632,0.8333333333333334,1.0,0.8333333333333334,0.0,1.0,1.0,1.0,1.0,1.0,1.0,1.0,0.5,0.5,1.0,1.0,1.0,1.0,0.6666666666666666,0.0,1.0,,,1.0,1.0,1.0,1.0,,,1.0,1.0,1.0,1.0,,,1.0,0.5
lamp,fork,0.6470588235294118,0.625,0.75,0.6,0.0,0.6,1.0,0.5,1.0,1.0,1.0,0.0,0.5,0.6666666666666666,0.6,1.0,0.6666666666666666,1.0,0.5,0.0,1.0,,,0.3333333333333333,1.0,,,1.0,0.5,1.0,,1.0,,,1.0,0.0,0.5
lamp,guitar,1.0,1.0,1.0,1.0,1.0,1.0,1.0,1.0,,1.0,,1.0,,1.0,1.0,1.0,1.0,,1.0,1.0,1.0,,,,1.0,1.0,,1.0,,,1.0,,,,,1.0,
lamp,key,0.8,0.8333333333333334,0.75,,1.0,1.0,0.75,1.0,0.5,,,,,1.0,0.6666666666666666,1.0,0.5,,,,,1.0,1.0,1.0,0.0,1.0,1.0,,1.0,0.0,,,,,,,
lamp,kite,0.7,1.0,0.3333333333333333,0.8,1.0,,,,0.0,0.5,,0.6666666666666666,1.0,1.0,1.0,,0.3333333333333333,1.0,0.75,1.0,,,1.0,,,,,,,0.0,0.5,,,1.0,,0.6666666666666666,1.0
lamp,leaf,0.625,1.0,0.3333333333333333,0.6666666666666666,1.0,,1.0,,,0.3333333333333333,0.6666666666666666,,,1.0,1.0,,0.3333333333333333,0.5,1.0,1.0,,,,,1.0,,,,,,0.3333333333333333,0.5,,,1.0,,
lamp,spoon,0.5,1.0,0.3333333333333333,0.4,,1.0,1.0,0.0,,1.0,0.3333333333333333,,0.5,,1.0,0.0,0.5,0.3333333333333333,0.5,,,,,1.0,1.0,0.0,,,0.0,,1.0,0.0,,1.0,1.0,,0.0
lamp,tree,0.8333333333333334,0.75,1.0,1.0,,1.0,0.5,,1.0,,,1.0,,,0.75,,1.0,1.0,,,,,,1.0,0.5,,,,,1.0,,,1.0,,,,
lamp,truck,0.9166666666666666,1.0,0.875,1.0,,1.0,1.0,1.0,0.75,1.0,,,1.0,1.0,1.0,0.8333333333333334,1.0,,1.0,,,1.0,,1.0,1.0,1.0,0.75,1.0,,,1.0,,,,,,1.0
lamp,umbrella,1.0,1.0,1.0,1.0,1.0,,1.0,1.0,1.0,1.0,,1.0,1.0,,1.0,1.0,,1.0,,,,,1.0,,1.0,1.0,1.0,1.0,,,,,1.0,1.0,,,
leaf,airplane,0.6666666666666666,0.6666666666666666,0.6,0.75,,0.5,1.0,0.5,1.0,0.5,1.0,0.6666666666666666,,0.5,1.0,0.0,0.75,0.5,1.0,,0.5,,,,1.0,0.0,,,1.0,1.0,0.5,,0.5,,1.0,1.0,
leaf,apple,1.0,1.0,1.0,1.0,1.0,1.0,1.0,,1.0,1.0,,1.0,,1.0,1.0,1.0,1.0,,1.0,1.0,1.0,1.0,,,1.0,,1.0,,,1.0,1.0,,,,,1.0,
leaf,bike,,,,,,,,,,,,,,,,,,,,,,,,,,,,,,,,,,,,,
leaf,chair,0.8571428571428571,0.6666666666666666,1.0,1.0,0.5,1.0,,,1.0,,,1.0,1.0,0.5,1.0,1.0,,,1.0,0.0,1.0,,1.0,,,,1.0,,,,,,,,,1.0,1.0
leaf,flower,1.0,1.0,1.0,1.0,1.0,,1.0,1.0,1.0,,,1.0,1.0,1.0,1.0,1.0,1.0,,1.0,1.0,,1.0,1.0,,1.0,,1.0,,1.0,,,,,,,1.0,1.0
leaf,fork,1.0,1.0,1.0,1.0,1.0,1.0,1.0,,1.0,1.0,,,1.0,1.0,1.0,1.0,1.0,1.0,,1.0,1.0,1.0,1.0,1.0,,,,1.0,,1.0,1.0,,,1.0,,,
leaf,guitar,0.8571428571428571,1.0,1.0,0.6666666666666666,,1.0,1.0,1.0,1.0,1.0,1.0,1.0,0.3333333333333333,1.0,1.0,1.0,1.0,0.6666666666666666,0.6666666666666666,,1.0,,,1.0,1.0,1.0,,,1.0,1.0,1.0,1.0,1.0,0.0,,1.0,0.5
leaf,key,0.7142857142857143,0.5,0.8333333333333334,0.75,1.0,0.0,1.0,1.0,0.75,1.0,1.0,0.0,1.0,0.0,0.6666666666666666,0.75,1.0,0.6666666666666666,1.0,,0.0,,1.0,0.0,1.0,1.0,0.5,1.0,,1.0,,1.0,0.0,1.0,1.0,,
leaf,kite,0.8235294117647058,0.6666666666666666,0.9,0.75,1.0,,0.5,1.0,0.6666666666666666,1.0,1.0,0.5,1.0,,0.6666666666666666,0.8571428571428571,1.0,0.6666666666666666,1.0,,,,1.0,,0.5,1.0,0.6666666666666666,1.0,1.0,,1.0,1.0,0.0,1.0,,1.0,
leaf,lamp,0.625,1.0,0.3333333333333333,0.6666666666666666,1.0,,1.0,,,0.3333333333333333,0.6666666666666666,,,1.0,1.0,,0.3333333333333333,0.5,1.0,1.0,,,,,1.0,,,,,,0.3333333333333333,0.5,,,1.0,,
leaf,spoon,0.7142857142857143,0.6,1.0,1.0,0.5,0.5,1.0,,1.0,,,,1.0,,0.6,1.0,,,1.0,,,,0.5,0.5,1.0,,1.0,,,,,,,,,,1.0
leaf,tree,0.8,1.0,0.5,1.0,1.0,1.0,1.0,0.5,0.5,,1.0,1.0,,1.0,1.0,1.0,0.3333333333333333,1.0,1.0,1.0,1.0,,,,1.0,1.0,,,0.0,0.5,,,1.0,,1.0,,
leaf,truck,0.8,1.0,1.0,0.5,1.0,,,,1.0,,1.0,0.0,,1.0,1.0,,1.0,0.5,,1.0,,,1.0,,,,,,,1.0,,1.0,0.0,,,,
leaf,umbrella,0.8333333333333334,0.7142857142857143,1.0,1.0,0.5,0.5,1.0,,,1.0,,1.0,1.0,1.0,0.3333333333333333,,1.0,1.0,1.0,1.0,1.0,1.0,0.0,0.0,1.0,,,,,,1.0,,,1.0,,1.0,
rabbit,bear,0.7692307692307693,1.0,0.5,0.6,1.0,1.0,1.0,,,0.5,,0.5,1.0,1.0,1.0,,0.5,0.6,,1.0,1.0,,,1.0,1.0,,,,,,0.5,,0.5,1.0,,,
rabbit,bird,0.7857142857142857,0.8,0.6,1.0,0.5,1.0,1.0,,0.3333333333333333,1.0,1.0,,,1.0,0.0,1.0,0.5,1.0,1.0,1.0,1.0,1.0,0.0,,,,1.0,,,0.0,1.0,1.0,,,1.0,,
rabbit,butterfly,0.6923076923076923,1.0,0.8,0.25,1.0,,1.0,0.5,1.0,1.0,1.0,0.0,0.0,1.0,1.0,0.75,1.0,0.0,0.5,,,1.0,1.0,,1.0,0.5,1.0,1.0,,1.0,,,0.0,0.0,1.0,,0.0
rabbit,cat,0.9230769230769231,0.8,1.0,1.0,0.0,1.0,1.0,1.0,1.0,1.0,,1.0,1.0,0.5,1.0,1.0,1.0,1.0,1.0,0.0,,1.0,,1.0,1.0,,,1.0,1.0,1.0,1.0,,,1.0,,1.0,1.0
rabbit,cow,0.8461538461538461,0.75,0.8,1.0,,0.5,1.0,0.0,1.0,1.0,1.0,1.0,1.0,1.0,0.6666666666666666,0.5,1.0,1.0,,,,1.0,,0.5,1.0,0.0,1.0,,,1.0,1.0,1.0,1.0,1.0,,,
rabbit,dog,0.6923076923076923,0.6,0.6,1.0,0.3333333333333333,,1.0,0.0,1.0,0.0,1.0,1.0,,1.0,0.5,0.5,0.6666666666666666,1.0,1.0,,,1.0,0.3333333333333333,,1.0,0.0,1.0,,,1.0,0.0,,1.0,,1.0,1.0,
rabbit,duck,0.8571428571428571,1.0,0.8333333333333334,,,1.0,,0.5,1.0,1.0,,,,,1.0,1.0,0.75,,,,,,,1.0,,1.0,,1.0,0.0,1.0,1.0,,,,,,
rabbit,elephant,0.875,1.0,1.0,0.6666666666666666,,1.0,1.0,,1.0,,0.0,1.0,,1.0,1.0,,1.0,0.5,1.0,,1.0,,,1.0,1.0,,,,,1.0,,0.0,1.0,,,1.0,
rabbit,fish,0.8333333333333334,0.6666666666666666,1.0,1.0,0.5,,0.75,1.0,1.0,1.0,,1.0,1.0,0.0,0.8,1.0,1.0,1.0,,0.0,,,1.0,,0.75,,1.0,1.0,1.0,,,,1.0,1.0,,,
rabbit,foot,0.8,0.8,1.0,0.75,1.0,1.0,0.5,,,1.0,,0.6666666666666666,1.0,1.0,0.75,,1.0,1.0,0.6666666666666666,,1.0,,1.0,,0.5,,,,,,1.0,,1.0,,,0.5,1.0
rabbit,frog,0.5555555555555556,0.6666666666666666,0.5,0.5,0.0,1.0,1.0,,1.0,0.0,0.3333333333333333,,1.0,0.5,1.0,,0.5,0.5,,0.0,,1.0,,1.0,,,,,,1.0,0.0,0.3333333333333333,,1.0,,,
rabbit,hand,0.875,0.5,1.0,1.0,,1.0,0.0,,1.0,1.0,1.0,1.0,,,0.5,1.0,1.0,1.0,1.0,,,,,1.0,0.0,,1.0,1.0,,1.0,,1.0,,,,1.0,
rabbit,squirrel,0.6,0.6666666666666666,1.0,0.25,1.0,,0.5,1.0,1.0,,0.0,,0.3333333333333333,1.0,0.5,,1.0,0.3333333333333333,0.0,,,1.0,1.0,,0.0,,,,1.0,1.0,,0.0,,0.5,,,0.0
rabbit,turtle,0.7,0.8571428571428571,1.0,0.0,1.0,0.5,1.0,1.0,,,0.0,0.0,,1.0,0.6666666666666666,,1.0,0.0,0.0,1.0,1.0,1.0,,0.0,1.0,,,,1.0,,,0.0,,,,0.0,
spoon,airplane,0.875,1.0,0.75,0.75,1.0,1.0,1.0,0.0,1.0,1.0,1.0,1.0,0.0,1.0,1.0,0.5,1.0,0.6666666666666666,1.0,1.0,1.0,,1.0,,1.0,0.0,1.0,,,1.0,1.0,1.0,1.0,0.0,,1.0,
spoon,apple,0.8888888888888888,1.0,0.6666666666666666,1.0,1.0,1.0,,,1.0,0.0,,1.0,1.0,1.0,1.0,1.0,0.0,,1.0,1.0,1.0,,,1.0,,,1.0,,,,0.0,,,,,1.0,1.0
spoon,bike,,,,,,,,,,,,,,,,,,,,,,,,,,,,,,,,,,,,,
spoon,chair,1.0,1.0,1.0,1.0,1.0,,1.0,1.0,1.0,,1.0,,,1.0,1.0,,1.0,1.0,1.0,,,1.0,1.0,,,,,,1.0,1.0,,1.0,,,1.0,,
spoon,flower,0.7777777777777778,0.8,1.0,0.5,1.0,0.5,1.0,,,1.0,1.0,,0.0,,0.8,1.0,1.0,0.0,1.0,,,,1.0,0.5,1.0,,,1.0,,,1.0,,,0.0,1.0,,
spoon,fork,0.6363636363636364,1.0,0.8333333333333334,0.0,,1.0,1.0,1.0,0.5,1.0,0.0,0.0,0.0,1.0,1.0,1.0,0.6666666666666666,0.0,0.0,,1.0,,,,1.0,1.0,1.0,1.0,1.0,0.0,1.0,0.0,,,,0.0,0.0
spoon,guitar,0.8333333333333334,0.75,0.6666666666666666,1.0,,1.0,0.6666666666666666,1.0,0.0,1.0,,1.0,1.0,0.5,1.0,1.0,0.0,1.0,1.0,,,0.5,,1.0,1.0,1.0,,1.0,,0.0,,,1.0,1.0,,1.0,
spoon,key,0.7777777777777778,0.6666666666666666,1.0,0.6666666666666666,1.0,1.0,0.3333333333333333,1.0,1.0,,,0.6,1.0,0.5,0.75,1.0,1.0,1.0,0.6,,1.0,0.0,1.0,1.0,0.5,1.0,1.0,,1.0,1.0,,,1.0,,,0.5,1.0
spoon,kite,0.75,0.8333333333333334,0.75,0.6666666666666666,1.0,0.5,1.0,0.5,,1.0,0.5,1.0,0.6666666666666666,1.0,0.6666666666666666,0.0,1.0,0.6666666666666666,0.6666666666666666,1.0,1.0,1.0,,0.0,1.0,0.0,,,1.0,,1.0,0.0,1.0,1.0,1.0,,0.5
spoon,lamp,0.5,1.0,0.3333333333333333,0.4,,1.0,1.0,0.0,,1.0,0.3333333333333333,,0.5,,1.0,0.0,0.5,0.3333333333333333,0.5,,,,,1.0,1.0,0.0,,,0.0,,1.0,0.0,,1.0,1.0,,0.0
spoon,leaf,0.7142857142857143,0.6,1.0,1.0,0.5,0.5,1.0,,1.0,,,,1.0,,0.6,1.0,,,1.0,,,,0.5,0.5,1.0,,1.0,,,,,,,,,,1.0
spoon,tree,0.9166666666666666,1.0,0.75,1.0,1.0,1.0,1.0,0.0,1.0,1.0,,1.0,,1.0,1.0,1.0,0.5,1.0,,1.0,1.0,,,1.0,1.0,,1.0,1.0,0.0,,1.0,,1.0,,,,
spoon,truck,0.7692307692307693,1.0,0.75,0.6,1.0,1.0,1.0,1.0,0.5,1.0,,0.75,0.0,1.0,1.0,1.0,0.0,0.5,1.0,1.0,,1.0,1.0,1.0,,1.0,1.0,1.0,,0.0,,,0.6666666666666666,0.0,,1.0,
spoon,umbrella,0.9230769230769231,1.0,0.75,1.0,1.0,1.0,1.0,1.0,1.0,0.5,1.0,,1.0,1.0,1.0,1.0,0.0,1.0,1.0,,,1.0,1.0,1.0,,1.0,1.0,1.0,,,0.0,1.0,,1.0,1.0,,
squirrel,bear,0.6,0.5,0.8571428571428571,0.25,0.6666666666666666,,0.0,0.0,1.0,1.0,,0.3333333333333333,0.0,,0.5,1.0,0.75,0.0,0.3333333333333333,,,,0.6666666666666666,,0.0,,1.0,1.0,0.0,1.0,1.0,,,0.0,,0.3333333333333333,
squirrel,bird,0.6428571428571429,0.75,0.6666666666666666,0.5,,0.0,1.0,0.0,1.0,0.6666666666666666,0.0,0.5,1.0,1.0,0.6666666666666666,0.0,0.8,1.0,0.3333333333333333,,,1.0,,0.0,1.0,,,0.0,0.0,1.0,1.0,,1.0,,0.0,0.0,1.0
squirrel,butterfly,1.0,,1.0,1.0,,,,1.0,1.0,1.0,1.0,1.0,1.0,,,1.0,1.0,1.0,1.0,,,,,,,,1.0,,1.0,1.0,1.0,1.0,,1.0,,1.0,
squirrel,cat,0.75,1.0,0.75,0.0,,,1.0,1.0,1.0,0.6,,,0.0,1.0,,0.5,1.0,0.0,,,,1.0,,,,1.0,,0.3333333333333333,,1.0,1.0,,,0.0,,,
squirrel,cow,0.8571428571428571,0.6666666666666666,1.0,1.0,0.5,,1.0,,1.0,1.0,,,1.0,,0.6666666666666666,,1.0,1.0,,,,,0.5,,1.0,,,,,1.0,1.0,,,1.0,,,
squirrel,dog,0.7777777777777778,1.0,0.6,,1.0,1.0,1.0,,0.75,0.0,,,,1.0,1.0,0.6,,,,1.0,,1.0,,1.0,1.0,,0.75,0.0,,,,,,,,,
squirrel,duck,0.7142857142857143,0.8571428571428571,0.6666666666666666,0.5,0.6666666666666666,1.0,1.0,,0.0,1.0,0.5,,0.5,0.0,1.0,,0.6666666666666666,0.0,1.0,0.0,,,1.0,1.0,1.0,,,,,0.0,1.0,0.0,,0.0,1.0,,1.0
squirrel,elephant,0.75,0.5,1.0,0.75,,0.0,1.0,,,1.0,,1.0,0.6666666666666666,,0.5,1.0,1.0,1.0,0.6666666666666666,,,,,0.0,1.0,,,1.0,,,1.0,,1.0,,,,0.6666666666666666
squirrel,fish,0.5294117647058824,0.6666666666666666,0.5,0.42857142857142855,,0.0,1.0,,0.0,1.0,0.0,1.0,0.4,0.5,1.0,1.0,0.0,0.0,0.75,,0.0,1.0,,,1.0,,,1.0,,0.0,,0.0,,0.0,,1.0,0.6666666666666666
squirrel,foot,0.9,0.6666666666666666,1.0,1.0,1.0,0.0,1.0,1.0,1.0,,,1.0,1.0,0.5,1.0,1.0,1.0,1.0,1.0,,0.0,1.0,1.0,,,1.0,1.0,,1.0,1.0,,,1.0,1.0,,1.0,
squirrel,frog,0.5789473684210527,0.6,0.75,0.4,1.0,0.6666666666666666,0.4,1.0,,0.6666666666666666,0.0,0.5,0.5,0.5,0.625,,0.75,0.6666666666666666,0.0,,,0.5,1.0,0.6666666666666666,0.3333333333333333,,,,1.0,,0.6666666666666666,,0.5,1.0,0.0,,0.0
squirrel,hand,0.625,0.5,0.6,0.7142857142857143,,0.5,0.5,0.3333333333333333,,1.0,,0.6,1.0,1.0,0.3333333333333333,0.5,0.6666666666666666,1.0,0.5,,1.0,,,0.0,0.5,0.0,,1.0,0.5,,1.0,,1.0,1.0,,0.5,
squirrel,rabbit,0.6,0.6666666666666666,1.0,0.25,1.0,,0.5,1.0,1.0,,0.0,,0.3333333333333333,1.0,0.5,,1.0,0.3333333333333333,0.0,,,1.0,1.0,,0.0,,,,1.0,1.0,,0.0,,0.5,,,0.0
squirrel,turtle,0.6923076923076923,0.8333333333333334,0.3333333333333333,0.75,1.0,0.6666666666666666,,,0.0,0.5,1.0,0.0,1.0,1.0,0.6666666666666666,1.0,0.0,1.0,0.6666666666666666,1.0,1.0,,1.0,0.5,,,,1.0,,0.0,0.0,1.0,,,1.0,0.0,1.0
tree,airplane,0.6666666666666666,0.8,0.5,0.6666666666666666,0.6666666666666666,1.0,1.0,,0.5,0.5,,1.0,0.5,1.0,0.5,1.0,0.3333333333333333,0.5,1.0,1.0,1.0,1.0,0.5,,,,,1.0,,0.5,0.0,,1.0,0.0,,,1.0
tree,apple,0.7142857142857143,1.0,1.0,0.3333333333333333,,1.0,1.0,1.0,,,0.0,1.0,0.0,1.0,,1.0,1.0,0.0,0.5,,1.0,1.0,,,,1.0,,,1.0,,,0.0,,,,1.0,0.0
tree,bike,,,,,,,,,,,,,,,,,,,,,,,,,,,,,,,,,,,,,
tree,chair,0.8666666666666667,0.8571428571428571,0.8,1.0,0.5,,1.0,0.5,1.0,,,1.0,1.0,1.0,0.8333333333333334,0.6666666666666666,1.0,,1.0,,,1.0,0.5,,1.0,0.0,1.0,,1.0,1.0,,,,,,1.0,1.0
tree,flower,0.7777777777777778,0.6,1.0,1.0,0.0,1.0,1.0,1.0,1.0,1.0,,1.0,,,0.6,1.0,1.0,1.0,,,,,0.0,1.0,1.0,1.0,,1.0,,1.0,,,1.0,,,,
tree,fork,0.9090909090909091,0.6666666666666666,1.0,1.0,1.0,0.0,1.0,,1.0,1.0,,1.0,1.0,1.0,0.5,1.0,1.0,1.0,1.0,,,1.0,1.0,0.0,,,1.0,1.0,,,1.0,,,1.0,,1.0,1.0
tree,guitar,0.8888888888888888,1.0,1.0,0.6666666666666666,1.0,,1.0,,1.0,1.0,1.0,0.0,1.0,1.0,1.0,1.0,1.0,1.0,0.0,,,1.0,1.0,,,,,1.0,,1.0,1.0,1.0,,1.0,,0.0,
tree,key,0.8461538461538461,1.0,0.8571428571428571,0.5,1.0,1.0,1.0,1.0,1.0,0.75,,,0.5,1.0,1.0,0.5,1.0,,0.5,,1.0,,1.0,,1.0,,1.0,0.0,1.0,1.0,1.0,,,,,,0.5
tree,kite,0.7777777777777778,0.6666666666666666,0.8,1.0,1.0,0.0,,,0.75,1.0,,1.0,,0.5,1.0,0.0,1.0,,1.0,1.0,0.0,,1.0,,,,0.0,,,1.0,1.0,,,,,1.0,
tree,lamp,0.8333333333333334,0.75,1.0,1.0,,1.0,0.5,,1.0,,,1.0,,,0.75,,1.0,1.0,,,,,,1.0,0.5,,,,,1.0,,,1.0,,,,
tree,leaf,0.8,1.0,0.5,1.0,1.0,1.0,1.0,0.5,0.5,,1.0,1.0,,1.0,1.0,1.0,0.3333333333333333,1.0,1.0,1.0,1.0,,,,1.0,1.0,,,0.0,0.5,,,1.0,,1.0,,
tree,spoon,0.9166666666666666,1.0,0.75,1.0,1.0,1.0,1.0,0.0,1.0,1.0,,1.0,,1.0,1.0,1.0,0.5,1.0,,1.0,1.0,,,1.0,1.0,,1.0,1.0,0.0,,1.0,,1.0,,,,
tree,truck,0.8666666666666667,1.0,0.75,0.8,1.0,1.0,1.0,1.0,0.0,1.0,,1.0,0.0,,1.0,1.0,0.5,1.0,0.6666666666666666,,,,1.0,1.0,1.0,1.0,,,,0.0,1.0,,1.0,,,1.0,0.0
tree,umbrella,0.7692307692307693,0.75,1.0,0.6666666666666666,,0.0,1.0,,1.0,1.0,0.0,1.0,0.5,1.0,0.5,1.0,1.0,0.3333333333333333,1.0,,,1.0,,0.0,1.0,,1.0,,,,1.0,0.0,,0.5,,1.0,
truck,airplane,0.8333333333333334,1.0,0.8,0.8,1.0,1.0,,1.0,1.0,0.6666666666666666,,0.6666666666666666,1.0,,1.0,0.5,1.0,1.0,0.75,,,,1.0,1.0,,,1.0,0.0,1.0,,1.0,,,1.0,,0.6666666666666666,1.0
truck,apple,1.0,1.0,1.0,1.0,1.0,,1.0,,1.0,1.0,1.0,1.0,1.0,1.0,1.0,,1.0,1.0,,,,1.0,1.0,,1.0,,,,,1.0,1.0,1.0,1.0,1.0,,,
truck,bike,,,,,,,,,,,,,,,,,,,,,,,,,,,,,,,,,,,,,
truck,chair,0.5555555555555556,1.0,0.25,0.5,1.0,,1.0,,0.5,0.0,,0.0,1.0,,1.0,0.0,0.3333333333333333,0.0,1.0,,,,1.0,,1.0,,0.0,,,1.0,0.0,,0.0,,,,1.0
truck,flower,0.8181818181818182,1.0,0.6,1.0,1.0,1.0,1.0,,0.6666666666666666,0.5,,1.0,,1.0,1.0,,0.6,1.0,,,1.0,,1.0,1.0,1.0,,,,,0.6666666666666666,0.5,,1.0,,,,
truck,fork,0.8181818181818182,1.0,0.8,0.5,1.0,,1.0,1.0,0.0,1.0,0.0,1.0,,1.0,1.0,,0.8,0.0,1.0,1.0,,,,,1.0,,,,1.0,0.0,1.0,0.0,,,,1.0,
truck,guitar,0.9166666666666666,1.0,0.8333333333333334,1.0,1.0,1.0,,1.0,0.6666666666666666,1.0,1.0,,,1.0,1.0,1.0,0.8,1.0,1.0,,1.0,,1.0,1.0,,,1.0,,1.0,0.5,1.0,1.0,,,1.0,,
truck,key,0.8076923076923077,1.0,1.0,0.6153846153846154,1.0,1.0,1.0,1.0,1.0,1.0,0.5,0.25,0.8571428571428571,1.0,1.0,1.0,1.0,0.5,0.7142857142857143,1.0,,1.0,1.0,1.0,1.0,1.0,,1.0,1.0,1.0,1.0,,0.3333333333333333,0.6666666666666666,0.5,0.0,1.0
truck,kite,0.6666666666666666,1.0,0.0,0.6666666666666666,,1.0,1.0,,0.0,,0.0,1.0,1.0,1.0,1.0,,0.0,0.6666666666666666,,,1.0,,,,1.0,,,,,0.0,,0.0,1.0,1.0,,,
truck,lamp,0.9166666666666666,1.0,0.875,1.0,,1.0,1.0,1.0,0.75,1.0,,,1.0,1.0,1.0,0.8333333333333334,1.0,,1.0,,,1.0,,1.0,1.0,1.0,0.75,1.0,,,1.0,,,,,,1.0
truck,leaf,0.8,1.0,1.0,0.5,1.0,,,,1.0,,1.0,0.0,,1.0,1.0,,1.0,0.5,,1.0,,,1.0,,,,,,,1.0,,1.0,0.0,,,,
truck,spoon,0.7692307692307693,1.0,0.75,0.6,1.0,1.0,1.0,1.0,0.5,1.0,,0.75,0.0,1.0,1.0,1.0,0.0,0.5,1.0,1.0,,1.0,1.0,1.0,,1.0,1.0,1.0,,0.0,,,0.6666666666666666,0.0,,1.0,
truck,tree,0.8666666666666667,1.0,0.75,0.8,1.0,1.0,1.0,1.0,0.0,1.0,,1.0,0.0,,1.0,1.0,0.5,1.0,0.6666666666666666,,,,1.0,1.0,1.0,1.0,,,,0.0,1.0,,1.0,,,1.0,0.0
truck,umbrella,0.5833333333333334,1.0,0.5,0.5,,,1.0,0.0,0.6666666666666666,,1.0,0.6666666666666666,0.0,1.0,1.0,,0.5,0.5,0.5,,,1.0,,,1.0,,,,0.0,0.6666666666666666,,,1.0,0.0,1.0,0.5,0.0
turtle,bear,0.8,1.0,1.0,0.5,1.0,1.0,1.0,,1.0,1.0,1.0,0.3333333333333333,,1.0,1.0,1.0,1.0,1.0,0.0,,1.0,,1.0,1.0,1.0,,1.0,,,,1.0,1.0,1.0,,,0.0,
turtle,bird,0.6666666666666666,1.0,0.5,0.0,,1.0,1.0,1.0,0.0,0.0,,,0.0,1.0,1.0,1.0,0.0,,0.0,,,1.0,,1.0,1.0,1.0,,,,0.0,0.0,,,,,,0.0
turtle,butterfly,0.8,1.0,1.0,0.5,1.0,1.0,1.0,,1.0,,0.5,0.5,,1.0,1.0,1.0,1.0,0.5,0.5,1.0,,,,1.0,1.0,,1.0,,,1.0,,0.5,,,,0.5,
turtle,cat,0.5384615384615384,0.5,0.75,0.3333333333333333,0.5,0.0,1.0,1.0,1.0,0.5,0.5,0.0,,0.5,0.5,0.5,1.0,1.0,0.0,1.0,0.0,,0.0,0.0,1.0,1.0,,0.0,,1.0,1.0,1.0,,,0.0,0.0,
turtle,cow,0.8571428571428571,1.0,1.0,0.5,,1.0,,1.0,,1.0,0.0,,1.0,,1.0,1.0,1.0,0.0,1.0,,,,,1.0,,1.0,,,,,1.0,0.0,,,,,1.0
turtle,dog,0.6666666666666666,,0.5,0.75,,,,,0.0,1.0,,1.0,0.5,,,,0.5,1.0,0.6666666666666666,,,,,,,,,,,0.0,1.0,,,1.0,,1.0,0.0
turtle,duck,0.8333333333333334,1.0,0.75,0.8,1.0,1.0,,,0.0,1.0,0.0,1.0,1.0,1.0,1.0,1.0,0.6666666666666666,,0.8,1.0,1.0,,1.0,,,,,1.0,,0.0,1.0,,,,0.0,1.0,1.0
turtle,elephant,0.8,0.8,1.0,0.6666666666666666,0.5,,1.0,,1.0,,1.0,1.0,0.0,1.0,0.75,,1.0,0.0,1.0,,,1.0,0.5,,1.0,,,,,1.0,,,,0.0,1.0,1.0,
turtle,fish,0.8571428571428571,1.0,1.0,0.5,,,1.0,,1.0,1.0,,0.5,,1.0,1.0,1.0,1.0,,0.5,,,1.0,,,1.0,,,1.0,,1.0,,,,,,0.5,
turtle,foot,0.6,0.5,0.75,0.5,,0.0,1.0,,0.6666666666666666,1.0,,0.5,0.5,0.0,1.0,1.0,0.6666666666666666,1.0,0.0,,0.0,,,,1.0,,,1.0,,0.6666666666666666,,,1.0,1.0,,0.0,0.0
turtle,frog,0.6666666666666666,0.6,0.75,0.6666666666666666,1.0,1.0,0.0,1.0,0.5,1.0,1.0,0.0,1.0,,0.6,0.5,1.0,1.0,0.5,,,,1.0,1.0,0.0,,0.0,1.0,1.0,1.0,,1.0,,,,0.0,1.0
turtle,hand,0.8571428571428571,0.75,1.0,1.0,0.5,1.0,1.0,1.0,,1.0,,1.0,,1.0,0.6666666666666666,1.0,1.0,,1.0,1.0,,,0.0,1.0,1.0,1.0,,,,,1.0,,,,,1.0,
turtle,rabbit,0.7,0.8571428571428571,1.0,0.0,1.0,0.5,1.0,1.0,,,0.0,0.0,,1.0,0.6666666666666666,,1.0,0.0,0.0,1.0,1.0,1.0,,0.0,1.0,,,,1.0,,,0.0,,,,0.0,
turtle,squirrel,0.6923076923076923,0.8333333333333334,0.3333333333333333,0.75,1.0,0.6666666666666666,,,0.0,0.5,1.0,0.0,1.0,1.0,0.6666666666666666,1.0,0.0,1.0,0.6666666666666666,1.0,1.0,,1.0,0.5,,,,1.0,,0.0,0.0,1.0,,,1.0,0.0,1.0
umbrella,airplane,0.6363636363636364,1.0,0.25,0.75,1.0,1.0,1.0,0.0,0.5,0.0,0.0,,1.0,1.0,1.0,0.0,0.5,0.75,,1.0,,,,1.0,1.0,0.0,,0.0,,0.5,,0.0,,1.0,,,
umbrella,apple,0.7272727272727273,1.0,0.6,0.6666666666666666,1.0,1.0,1.0,0.6666666666666666,0.0,1.0,0.0,1.0,1.0,,1.0,,0.6,0.5,1.0,,,,1.0,1.0,1.0,,,,0.6666666666666666,0.0,1.0,0.0,,1.0,,1.0,
umbrella,bike,,,,,,,,,,,,,,,,,,,,,,,,,,,,,,,,,,,,,
umbrella,chair,0.9230769230769231,1.0,0.75,1.0,1.0,,1.0,,1.0,0.6666666666666666,1.0,1.0,,1.0,1.0,,0.75,1.0,,1.0,,,,,1.0,,,,,1.0,0.6666666666666666,1.0,1.0,,,,
umbrella,flower,0.7,0.3333333333333333,1.0,0.6666666666666666,1.0,0.0,0.0,1.0,1.0,1.0,0.0,1.0,1.0,,0.3333333333333333,1.0,1.0,0.6666666666666666,,,,,1.0,0.0,0.0,1.0,,,,1.0,1.0,0.0,1.0,1.0,,,
umbrella,fork,0.6666666666666666,1.0,1.0,0.5555555555555556,,1.0,,1.0,,,0.25,0.6666666666666666,1.0,,1.0,,1.0,0.5,0.6,,,,,1.0,,,,,1.0,,,0.3333333333333333,1.0,,0.0,0.5,1.0
umbrella,guitar,1.0,1.0,1.0,1.0,1.0,1.0,1.0,,1.0,1.0,,1.0,1.0,1.0,1.0,1.0,1.0,1.0,,,,1.0,1.0,1.0,,,,1.0,,1.0,1.0,,1.0,1.0,,,
umbrella,key,0.5555555555555556,0.6666666666666666,0.5714285714285714,0.0,0.5,0.6,1.0,1.0,0.6666666666666666,0.3333333333333333,,0.0,0.0,,0.6666666666666666,0.6666666666666666,0.5,,0.0,,,,0.5,0.6,1.0,1.0,1.0,0.0,,0.5,0.5,,,,,0.0,0.0
umbrella,kite,0.6666666666666666,0.5,0.6666666666666666,1.0,0.0,,1.0,0.0,1.0,1.0,,,1.0,0.0,1.0,1.0,0.5,1.0,,0.0,,,,,1.0,,1.0,,0.0,,1.0,,,1.0,,,
umbrella,lamp,1.0,1.0,1.0,1.0,1.0,,1.0,1.0,1.0,1.0,,1.0,1.0,,1.0,1.0,,1.0,,,,,1.0,,1.0,1.0,1.0,1.0,,,,,1.0,1.0,,,
umbrella,leaf,0.8333333333333334,0.7142857142857143,1.0,1.0,0.5,0.5,1.0,,,1.0,,1.0,1.0,1.0,0.3333333333333333,,1.0,1.0,1.0,1.0,1.0,1.0,0.0,0.0,1.0,,,,,,1.0,,,1.0,,1.0,
umbrella,spoon,0.9230769230769231,1.0,0.75,1.0,1.0,1.0,1.0,1.0,1.0,0.5,1.0,,1.0,1.0,1.0,1.0,0.0,1.0,1.0,,,1.0,1.0,1.0,,1.0,1.0,1.0,,,0.0,1.0,,1.0,1.0,,
umbrella,tree,0.7692307692307693,0.75,1.0,0.6666666666666666,,0.0,1.0,,1.0,1.0,0.0,1.0,0.5,1.0,0.5,1.0,1.0,0.3333333333333333,1.0,,,1.0,,0.0,1.0,,1.0,,,,1.0,0.0,,0.5,,1.0,
umbrella,truck,0.5833333333333334,1.0,0.5,0.5,,,1.0,0.0,0.6666666666666666,,1.0,0.6666666666666666,0.0,1.0,1.0,,0.5,0.5,0.5,,,1.0,,,1.0,,,,0.0,0.6666666666666666,,,1.0,0.0,1.0,0.5,0.0
