Duration,resp.keys,resp.corr,resp.rt,pracTrials.thisRepN,pracTrials.thisTrialN,pracTrials.thisN,pracTrials.thisIndex,pracTrials.ran,objLabel,imFile,distractLabel,corr,participant,date,expName,psychopyVersion,OS,frameRate,,Corr,objDistract,py_duration,trials.thisRepN,trials.thisTrialN,trials.thisN,trials.thisIndex,trials.ran,objNum,animType,condition
0.3,left,0,51.4323,0,0,0,1,1,castle,Stim/Prac (2).png,car,right,6004,2021-04-22_11h34.21.530,KorNet_kid_complete,2020.2.4,Win32,60,6004,,,,,,,,,,,
0.3,left,1,2.243735,0,1,1,0,1,shoe,Stim/Prac (1).jpg,phone,left,6004,2021-04-22_11h34.21.530,KorNet_kid_complete,2020.2.4,Win32,60,6004,,,,,,,,,,,
0.3,right,1,2.202945,0,2,2,2,1,balloon,Stim/Prac (3).jpg,computer,right,6004,2021-04-22_11h34.21.530,KorNet_kid_complete,2020.2.4,Win32,60,6004,,,,,,,,,,,
0.25,left,1,1.35152,0,3,3,3,1,motorcycle,Stim/Prac (4).jpg,skateboard,left,6004,2021-04-22_11h34.21.530,KorNet_kid_complete,2020.2.4,Win32,60,6004,,,,,,,,,,,
0.3,left,1,2.82607,,,,,,umbrella,Stim/Complete/OBJ (47).png,,,6004,2021-04-22_11h34.21.530,KorNet_kid_complete,2020.2.4,Win32,60,6004,left,airplane,0.29655,0,0,0,29,1,47,Inanimate,1
0.3,left,1,15.67592,,,,,,chair,Stim/Complete/OBJ (12).png,,,6004,2021-04-22_11h34.21.530,KorNet_kid_complete,2020.2.4,Win32,60,6004,left,lamp,0.298765,0,1,1,7,1,12,Inanimate,1
0.25,right,1,1.697175,,,,,,airplane,Stim/Complete/OBJ (1).png,,,6004,2021-04-22_11h34.21.530,KorNet_kid_complete,2020.2.4,Win32,60,6004,right,kite,0.295525,0,2,2,0,1,1,Inanimate,1
0.25,left,1,10.97584,,,,,,bicycle,Stim/Complete/OBJ (7).png,,,6004,2021-04-22_11h34.21.530,KorNet_kid_complete,2020.2.4,Win32,60,6004,left,lamp,0.259115,0,3,3,3,1,7,Inanimate,1
0.25,left,1,1.46864,,,,,,frog,Stim/Complete/OBJ (23).png,,,6004,2021-04-22_11h34.21.530,KorNet_kid_complete,2020.2.4,Win32,60,6004,left,cow,0.23837,0,4,4,16,1,23,Animate,1
0.2,left,1,1.963375,,,,,,fork,Stim/Complete/OBJ (22).png,,,6004,2021-04-22_11h34.21.530,KorNet_kid_complete,2020.2.4,Win32,60,6004,left,kite,0.26219,0,5,5,15,1,22,Inanimate,1
0.2,left,0,15.855565,,,,,,fish,Stim/Complete/OBJ (19).png,,,6004,2021-04-22_11h34.21.530,KorNet_kid_complete,2020.2.4,Win32,60,6004,right,penguin,0.24291,0,6,6,12,1,19,Animate,1
0.2,left,1,1.4563,,,,,,rabbit,Stim/Complete/OBJ (38).png,,,6004,2021-04-22_11h34.21.530,KorNet_kid_complete,2020.2.4,Win32,60,6004,left,cow,0.203525,0,7,7,23,1,38,Animate,1
0.2,left,1,1.520875,,,,,,spoon,Stim/Complete/OBJ (41).png,,,6004,2021-04-22_11h34.21.530,KorNet_kid_complete,2020.2.4,Win32,60,6004,left,toothbrush,0.20042,0,8,8,24,1,41,Inanimate,1
0.15,right,1,8.58345,,,,,,foot,Stim/Complete/OBJ (21).png,,,6004,2021-04-22_11h34.21.530,KorNet_kid_complete,2020.2.4,Win32,60,6004,right,butterfly,0.193535,0,9,9,14,1,21,Animate,1
0.15,left,1,1.653595,,,,,,hand,Stim/Complete/OBJ (25).png,,,6004,2021-04-22_11h34.21.530,KorNet_kid_complete,2020.2.4,Win32,60,6004,left,fish,0.146015,0,10,10,17,1,25,Animate,1
0.15,left,1,1.514455,,,,,,bird,Stim/Complete/OBJ (8).png,,,6004,2021-04-22_11h34.21.530,KorNet_kid_complete,2020.2.4,Win32,60,6004,left,turtle,0.14425,0,11,11,4,1,8,Animate,1
0.1,left,1,1.28093,,,,,,apple,Stim/Complete/OBJ (4).png,,,6004,2021-04-22_11h34.21.530,KorNet_kid_complete,2020.2.4,Win32,60,6004,left,glasses,0.15969,0,12,12,1,1,4,Inanimate,1
0.1,right,1,1.632755,,,,,,cat,Stim/Complete/OBJ (11).png,,,6004,2021-04-22_11h34.21.530,KorNet_kid_complete,2020.2.4,Win32,60,6004,right,foot,0.100255,0,13,13,6,1,11,Animate,1
0.1,right,0,13.04584,,,,,,bear,Stim/Complete/OBJ (6).png,,,6004,2021-04-22_11h34.21.530,KorNet_kid_complete,2020.2.4,Win32,60,6004,left,cat,0.10321,0,14,14,2,1,6,Animate,1
0.1,right,1,1.990175,,,,,,elephant,Stim/Complete/OBJ (18).png,,,6004,2021-04-22_11h34.21.530,KorNet_kid_complete,2020.2.4,Win32,60,6004,right,turtle,0.09964,0,15,15,11,1,18,Animate,1
0.1,right,1,11.89965,,,,,,turtle,Stim/Complete/OBJ (46).png,,,6004,2021-04-22_11h34.21.530,KorNet_kid_complete,2020.2.4,Win32,60,6004,right,rabbit,0.10041,0,16,16,28,1,46,Animate,1
0.1,left,1,7.312005,,,,,,guitar,Stim/Complete/OBJ (27).png,,,6004,2021-04-22_11h34.21.530,KorNet_kid_complete,2020.2.4,Win32,60,6004,left,glasses,0.110185,0,17,17,18,1,27,Inanimate,1
0.1,left,1,10.71494,,,,,,key,Stim/Complete/OBJ (29).png,,,6004,2021-04-22_11h34.21.530,KorNet_kid_complete,2020.2.4,Win32,60,6004,left,flower,0.12263,0,18,18,19,1,29,Inanimate,1
0.1,left,1,7.390325,,,,,,tree,Stim/Complete/OBJ (44).png,,,6004,2021-04-22_11h34.21.530,KorNet_kid_complete,2020.2.4,Win32,60,6004,left,leaf,0.137245,0,19,19,26,1,44,Inanimate,1
0.1,left,0,5.444675,,,,,,cow,Stim/Complete/OBJ (14).png,,,6004,2021-04-22_11h34.21.530,KorNet_kid_complete,2020.2.4,Win32,60,6004,right,cat,0.087715,0,20,20,8,1,14,Animate,1
0.1,left,1,10.45152,,,,,,truck,Stim/Complete/OBJ (45).png,,,6004,2021-04-22_11h34.21.530,KorNet_kid_complete,2020.2.4,Win32,60,6004,left,apple,0.091225,0,21,21,27,1,45,Inanimate,1
0.1,left,1,28.87894,,,,,,squirrel,Stim/Complete/OBJ (42).png,,,6004,2021-04-22_11h34.21.530,KorNet_kid_complete,2020.2.4,Win32,60,6004,left,cow,0.117375,0,22,22,25,1,42,Animate,1
0.1,left,1,10.832035,,,,,,kite,Stim/Complete/OBJ (30).png,,,6004,2021-04-22_11h34.21.530,KorNet_kid_complete,2020.2.4,Win32,60,6004,left,watch,0.094095,0,23,23,20,1,30,Inanimate,1
0.1,left,1,7.17593,,,,,,lamp,Stim/Complete/OBJ (31).png,,,6004,2021-04-22_11h34.21.530,KorNet_kid_complete,2020.2.4,Win32,60,6004,left,chair,0.092725,0,24,24,21,1,31,Inanimate,1
0.1,right,1,6.27118,,,,,,dog,Stim/Complete/OBJ (16).png,,,6004,2021-04-22_11h34.21.530,KorNet_kid_complete,2020.2.4,Win32,60,6004,right,hand,0.148045,0,25,25,9,1,16,Animate,1
0.1,left,0,8.647415,,,,,,leaf,Stim/Complete/OBJ (32).png,,,6004,2021-04-22_11h34.21.530,KorNet_kid_complete,2020.2.4,Win32,60,6004,right,scissors,0.10089,0,26,26,22,1,32,Inanimate,1
0.1,left,1,26.762275,,,,,,flower,Stim/Complete/OBJ (20).png,,,6004,2021-04-22_11h34.21.530,KorNet_kid_complete,2020.2.4,Win32,60,6004,left,key,0.09543,0,27,27,13,1,20,Inanimate,1
0.1,left,1,18.041885,,,,,,butterfly,Stim/Complete/OBJ (10).png,,,6004,2021-04-22_11h34.21.530,KorNet_kid_complete,2020.2.4,Win32,60,6004,left,fish,0.088675,0,28,28,5,1,10,Animate,1
0.1,right,1,6.5281,,,,,,duck,Stim/Complete/OBJ (17).png,,,6004,2021-04-22_11h34.21.530,KorNet_kid_complete,2020.2.4,Win32,60,6004,right,cow,0.093395,0,29,29,10,1,17,Animate,1
