Duration,resp.keys,resp.corr,resp.rt,pracTrials.thisRepN,pracTrials.thisTrialN,pracTrials.thisN,pracTrials.thisIndex,pracTrials.ran,objLabel,imFile,distractLabel,corr,participant,date,expName,psychopyVersion,OS,frameRate,Corr,objDistract,py_duration,trials.thisRepN,trials.thisTrialN,trials.thisN,trials.thisIndex,trials.ran,objNum,animType,condition
0.3,right,0,0.8806,0,0,0,0,1,shoe,Stim/Prac (1).jpg,phone,left,98989,2021-07-26_10h09.05.088,KorNet_kid_complete,2020.2.4,Win32,60,,,,,,,,,,,
0.3,right,0,1.174,0,1,1,3,1,motorcycle,Stim/Prac (4).jpg,skateboard,left,98989,2021-07-26_10h09.05.088,KorNet_kid_complete,2020.2.4,Win32,60,,,,,,,,,,,
0.3,right,1,0.245,0,2,2,1,1,castle,Stim/Prac (2).png,car,right,98989,2021-07-26_10h09.05.088,KorNet_kid_complete,2020.2.4,Win32,60,,,,,,,,,,,
0.3,right,1,0.4166,0,3,3,2,1,balloon,Stim/Prac (3).jpg,computer,right,98989,2021-07-26_10h09.05.088,KorNet_kid_complete,2020.2.4,Win32,60,,,,,,,,,,,
0.3,right,1,1.5486,,,,,,dog,Stim/Complete/OBJ (16).png,,,98989,2021-07-26_10h09.05.088,KorNet_kid_complete,2020.2.4,Win32,60,right,kangaroo,0.3,0,0,0,9,1,16,Animate,1
0.3,right,1,0.6267,,,,,,guitar,Stim/Complete/OBJ (27).png,,,98989,2021-07-26_10h09.05.088,KorNet_kid_complete,2020.2.4,Win32,60,right,toothbrush,0.2998,0,1,1,18,1,27,Inanimate,1
0.3,right,0,0.9102,,,,,,apple,Stim/Complete/OBJ (4).png,,,98989,2021-07-26_10h09.05.088,KorNet_kid_complete,2020.2.4,Win32,60,left,scissors,0.2998,0,2,2,1,1,4,Inanimate,1
