Duration,resp.keys,resp.corr,resp.rt,pracTrials.thisRepN,pracTrials.thisTrialN,pracTrials.thisN,pracTrials.thisIndex,pracTrials.ran,objLabel,imFile,distractLabel,corr,participant,date,expName,psychopyVersion,OS,frameRate,Corr,objDistract,py_duration,trials.thisRepN,trials.thisTrialN,trials.thisN,trials.thisIndex,trials.ran,objNum,animType,condition
0.3,right,0,2.7588,0,0,0,0,1,shoe,Stim/Prac (1).jpg,phone,left,pilot,2021-07-26_10h44.23.500,KorNet_kid_complete,2020.2.4,Win32,60,,,,,,,,,,,
0.3,left,0,0.7455,0,1,1,1,1,castle,Stim/Prac (2).png,car,right,pilot,2021-07-26_10h44.23.500,KorNet_kid_complete,2020.2.4,Win32,60,,,,,,,,,,,
0.35,right,0,0.2888,0,2,2,3,1,motorcycle,Stim/Prac (4).jpg,skateboard,left,pilot,2021-07-26_10h44.23.500,KorNet_kid_complete,2020.2.4,Win32,60,,,,,,,,,,,
0.35,right,1,0.2987,0,3,3,2,1,balloon,Stim/Prac (3).jpg,computer,right,pilot,2021-07-26_10h44.23.500,KorNet_kid_complete,2020.2.4,Win32,60,,,,,,,,,,,
0.3,left,1,2.1518,,,,,,hand,Stim/Complete/OBJ (25).png,,,pilot,2021-07-26_10h44.23.500,KorNet_kid_complete,2020.2.4,Win32,60,left,penguin,0.2998,0,0,0,17,1,25,Animate,1
0.3,right,1,0.8492,,,,,,frog,Stim/Complete/OBJ (23).png,,,pilot,2021-07-26_10h44.23.500,KorNet_kid_complete,2020.2.4,Win32,60,right,deer,0.2998,0,1,1,16,1,23,Animate,1
0.25,right,1,1.7331,,,,,,bear,Stim/Complete/OBJ (6).png,,,pilot,2021-07-26_10h44.23.500,KorNet_kid_complete,2020.2.4,Win32,60,right,turtle,0.3001,0,2,2,2,1,6,Animate,1
0.25,right,1,0.6385,,,,,,fork,Stim/Complete/OBJ (22).png,,,pilot,2021-07-26_10h44.23.500,KorNet_kid_complete,2020.2.4,Win32,60,right,glasses,0.2501,0,3,3,15,1,22,Inanimate,1
0.25,left,1,0.5966,,,,,,truck,Stim/Complete/OBJ (45).png,,,pilot,2021-07-26_10h44.23.500,KorNet_kid_complete,2020.2.4,Win32,60,left,key,0.2499,0,4,4,27,1,45,Inanimate,1
0.2,left,1,1.7912,,,,,,kite,Stim/Complete/OBJ (30).png,,,pilot,2021-07-26_10h44.23.500,KorNet_kid_complete,2020.2.4,Win32,60,left,chair,0.25,0,5,5,20,1,30,Inanimate,1
0.2,left,1,1.4514,,,,,,turtle,Stim/Complete/OBJ (46).png,,,pilot,2021-07-26_10h44.23.500,KorNet_kid_complete,2020.2.4,Win32,60,left,butterfly,0.1962,0,6,6,28,1,46,Animate,1
0.2,left,1,2.5852,,,,,,flower,Stim/Complete/OBJ (20).png,,,pilot,2021-07-26_10h44.23.500,KorNet_kid_complete,2020.2.4,Win32,60,left,spoon,0.199,0,7,7,13,1,20,Inanimate,1
0.15,left,1,1.2309,,,,,,butterfly,Stim/Complete/OBJ (10).png,,,pilot,2021-07-26_10h44.23.500,KorNet_kid_complete,2020.2.4,Win32,60,left,mouse,0.2,0,8,8,5,1,10,Animate,1
0.15,left,0,2.749,,,,,,elephant,Stim/Complete/OBJ (18).png,,,pilot,2021-07-26_10h44.23.500,KorNet_kid_complete,2020.2.4,Win32,60,right,ant,0.149,0,9,9,11,1,18,Animate,1
