Duration,resp.keys,resp.corr,resp.rt,pracTrials.thisRepN,pracTrials.thisTrialN,pracTrials.thisN,pracTrials.thisIndex,pracTrials.ran,objLabel,imFile,distractLabel,corr,participant,date,expName,psychopyVersion,OS,frameRate,Corr,objDistract,py_duration,trials.thisRepN,trials.thisTrialN,trials.thisN,trials.thisIndex,trials.ran,objNum,animType,condition
0.3,left,0,2.2055,0,0,0,1,1,castle,Stim/Prac (2).png,car,right,stellavideo,2022-08-31_15h25.18.406,KorNet_kid_complete,2020.2.4,MacIntel,60,,,,,,,,,,,
0.3,left,1,0.5102,0,1,1,3,1,motorcycle,Stim/Prac (4).jpg,skateboard,left,stellavideo,2022-08-31_15h25.18.406,KorNet_kid_complete,2020.2.4,MacIntel,60,,,,,,,,,,,
0.3,left,1,0.0802,0,2,2,0,1,shoe,Stim/Prac (1).jpg,phone,left,stellavideo,2022-08-31_15h25.18.406,KorNet_kid_complete,2020.2.4,MacIntel,60,,,,,,,,,,,
0.25,right,1,0.4804,0,3,3,2,1,balloon,Stim/Prac (3).jpg,computer,right,stellavideo,2022-08-31_15h25.18.406,KorNet_kid_complete,2020.2.4,MacIntel,60,,,,,,,,,,,
0.3,right,1,0.4206,,,,,,elephant,Stim/Complete/OBJ (18).png,,,stellavideo,2022-08-31_15h25.18.406,KorNet_kid_complete,2020.2.4,MacIntel,60,right,frog,0.301,0,0,0,11,1,18,Animate,1
