sub,sex,age,cond,duration,acc,rt,age_group,speed
6000,F,5.93,deleted,0.1,0.6923076923076923,2.2410705555555555,5yrold,fast
6000,F,5.93,deleted,0.15,1.0,3.459395,5yrold,fast
6000,F,5.93,deleted,0.2,1.0,4.719155,5yrold,slow
6000,F,5.93,deleted,0.25,0.625,4.265791,5yrold,slow
6000,F,5.93,deleted,0.3,0.6666666666666666,5.7505575,5yrold,intro
6001,M,5.34,complete,0.1,0.8571428571428571,7.7799129166666665,5yrold,fast
6001,M,5.34,complete,0.15,0.75,6.317155,5yrold,fast
6001,M,5.34,complete,0.2,1.0,3.647546666666667,5yrold,slow
6001,M,5.34,complete,0.25,1.0,6.800161666666667,5yrold,slow
6001,M,5.34,complete,0.3,1.0,3.5730775,5yrold,intro
6002,F,5.09,perturbed,0.1,0.6842105263157895,7.291303461538462,5yrold,fast
6002,F,5.09,perturbed,0.15,1.0,3.982898333333333,5yrold,fast
6002,F,5.09,perturbed,0.2,1.0,3.91332,5yrold,slow
6002,F,5.09,perturbed,0.25,1.0,6.760565,5yrold,slow
6002,F,5.09,perturbed,0.3,1.0,8.22823,5yrold,intro
6003,F,5.49,deleted,0.1,1.0,6.73286,5yrold,fast
6003,F,5.49,deleted,0.15,0.5714285714285714,6.9483749999999995,5yrold,fast
6003,F,5.49,deleted,0.2,0.7272727272727273,7.228905625,5yrold,slow
6003,F,5.49,deleted,0.25,1.0,6.402383333333333,5yrold,slow
6003,F,5.49,deleted,0.3,0.625,7.710032,5yrold,intro
6004,M,5.06,complete,0.1,0.8333333333333334,10.477509666666666,5yrold,fast
6004,M,5.06,complete,0.15,1.0,3.9171666666666667,5yrold,fast
6004,M,5.06,complete,0.2,0.75,1.64685,5yrold,slow
6004,M,5.06,complete,0.25,1.0,4.713885,5yrold,slow
6004,M,5.06,complete,0.3,1.0,9.250995,5yrold,intro
6005,F,5.49,perturbed,0.1,1.0,5.681591875,5yrold,fast
6005,F,5.49,perturbed,0.15,1.0,1.7216283333333333,5yrold,fast
6005,F,5.49,perturbed,0.2,1.0,2.1469366666666665,5yrold,slow
6005,F,5.49,perturbed,0.25,0.8333333333333334,1.669981,5yrold,slow
6005,F,5.49,perturbed,0.3,1.0,1.8976725,5yrold,intro
6006,M,5.34,deleted,0.15,0.375,5.461365000000001,5yrold,fast
6006,M,5.34,deleted,0.2,0.6666666666666666,6.203548333333333,5yrold,slow
6006,M,5.34,deleted,0.25,0.7777777777777778,5.957450714285714,5yrold,slow
6006,M,5.34,deleted,0.3,0.75,10.565163333333334,5yrold,intro
6007,M,5.25,complete,0.1,0.8571428571428571,6.58143,5yrold,fast
6007,M,5.25,complete,0.15,0.7,5.128277857142857,5yrold,fast
6007,M,5.25,complete,0.2,0.75,5.456985,5yrold,slow
6007,M,5.25,complete,0.25,1.0,4.916818333333333,5yrold,slow
6007,M,5.25,complete,0.3,1.0,2.706875,5yrold,intro
6008,M,5.75,perturbed,0.25,1.0,6.245775,5yrold,slow
6008,M,5.75,perturbed,0.3,0.8,6.878572500000001,5yrold,intro
6009,M,5.52,deleted,0.1,0.7692307692307693,5.3979705,5yrold,fast
6009,M,5.52,deleted,0.15,0.75,5.710446666666667,5yrold,fast
6009,M,5.52,deleted,0.2,0.625,3.518324,5yrold,slow
6009,M,5.52,deleted,0.25,1.0,3.5331766666666664,5yrold,slow
6009,M,5.52,deleted,0.3,1.0,12.5707825,5yrold,intro
6010,M,5.54,complete,0.1,0.8,7.459108333333333,5yrold,fast
6010,M,5.54,complete,0.15,0.8,7.786725000000001,5yrold,fast
6010,M,5.54,complete,0.2,1.0,7.092033333333333,5yrold,slow
6010,M,5.54,complete,0.25,0.6,6.8768,5yrold,slow
6010,M,5.54,complete,0.3,1.0,7.37135,5yrold,intro
6011,F,5.38,perturbed,0.1,0.5714285714285714,7.83925,5yrold,fast
6011,F,5.38,perturbed,0.15,1.0,6.629666666666666,5yrold,fast
6011,F,5.38,perturbed,0.2,0.625,5.724200000000001,5yrold,slow
6011,F,5.38,perturbed,0.25,1.0,5.755533333333333,5yrold,slow
6011,F,5.38,perturbed,0.3,1.0,5.55905,5yrold,intro
6012,F,5.57,deleted,0.25,0.4166666666666667,8.15356,5yrold,slow
6012,F,5.57,deleted,0.3,0.5454545454545454,9.2469,5yrold,intro
6012,F,5.57,deleted,0.35,0.5714285714285714,7.96385,5yrold,
6013,F,5.79,complete,0.1,0.8823529411764706,3.8766000000000003,5yrold,fast
6013,F,5.79,complete,0.15,1.0,1.9866666666666666,5yrold,fast
6013,F,5.79,complete,0.2,1.0,2.0923333333333334,5yrold,slow
6013,F,5.79,complete,0.25,0.8,1.9572500000000002,5yrold,slow
6013,F,5.79,complete,0.3,1.0,3.215,5yrold,intro
6014,F,5.47,perturbed,0.1,0.8333333333333334,8.994306666666667,5yrold,fast
6014,F,5.47,perturbed,0.15,1.0,7.887366666666666,5yrold,fast
6014,F,5.47,perturbed,0.2,0.75,17.55966666666667,5yrold,slow
6014,F,5.47,perturbed,0.25,1.0,2.0838,5yrold,slow
6014,F,5.47,perturbed,0.3,1.0,7.2046,5yrold,intro
6015,M,4.48,complete,0.1,0.7894736842105263,3.6127623333333334,4yrold,fast
6015,M,4.48,complete,0.15,1.0,1.5952316666666668,4yrold,fast
6015,M,4.48,complete,0.2,1.0,3.5555566666666665,4yrold,slow
6015,M,4.48,complete,0.25,1.0,3.550026666666666,4yrold,slow
6015,M,4.48,complete,0.3,1.0,1.6827475,4yrold,intro
6016,M,4.19,perturbed,0.1,0.7647058823529411,7.115243461538461,4yrold,fast
6016,M,4.19,perturbed,0.15,1.0,8.906080000000001,4yrold,fast
6016,M,4.19,perturbed,0.2,1.0,9.108008333333332,4yrold,slow
6016,M,4.19,perturbed,0.25,1.0,31.303726666666666,4yrold,slow
6016,M,4.19,perturbed,0.3,0.75,3.29016,4yrold,intro
6017,M,4.8,deleted,0.1,0.6666666666666666,6.3389525,4yrold,fast
6017,M,4.8,deleted,0.15,0.6,6.858666666666667,4yrold,fast
6017,M,4.8,deleted,0.2,1.0,6.432905000000001,4yrold,slow
6017,M,4.8,deleted,0.25,1.0,6.458021666666667,4yrold,slow
6017,M,4.8,deleted,0.3,0.8,7.05660625,4yrold,intro
6020,M,4.76,deleted,0.1,0.8888888888888888,6.937795625,4yrold,fast
6020,M,4.76,deleted,0.15,0.6,6.3011574999999995,4yrold,fast
6020,M,4.76,deleted,0.2,0.75,6.743073333333332,4yrold,slow
6020,M,4.76,deleted,0.25,1.0,6.069608333333334,4yrold,slow
6020,M,4.76,deleted,0.3,0.75,5.723185000000001,4yrold,intro
6021,F,4.57,complete,0.1,0.9375,5.418406333333333,4yrold,fast
6021,F,4.57,complete,0.15,0.8333333333333334,5.217929,4yrold,fast
6021,F,4.57,complete,0.2,1.0,5.167155,4yrold,slow
6021,F,4.57,complete,0.25,1.0,5.37638,4yrold,slow
6021,F,4.57,complete,0.3,1.0,7.926155,4yrold,intro
6022,M,4.73,perturbed,0.1,1.0,5.56598,4yrold,fast
6022,M,4.73,perturbed,0.15,0.7777777777777778,6.467352142857143,4yrold,fast
6022,M,4.73,perturbed,0.2,0.5333333333333333,5.568232500000001,4yrold,slow
6022,M,4.73,perturbed,0.25,1.0,11.838386666666667,4yrold,slow
6022,M,4.73,perturbed,0.3,1.0,6.7730475000000006,4yrold,intro
6023,M,4.89,deleted,0.1,0.7142857142857143,5.56796,4yrold,fast
6023,M,4.89,deleted,0.15,0.6153846153846154,5.8942125,4yrold,fast
6023,M,4.89,deleted,0.2,1.0,5.029466666666667,4yrold,slow
6023,M,4.89,deleted,0.25,1.0,5.227766666666667,4yrold,slow
6023,M,4.89,deleted,0.3,0.75,13.301766666666666,4yrold,intro
6024,F,4.39,complete,0.1,0.6428571428571429,7.089322222222222,4yrold,fast
6024,F,4.39,complete,0.15,0.75,6.450783333333334,4yrold,fast
6024,F,4.39,complete,0.2,1.0,6.4858,4yrold,slow
6024,F,4.39,complete,0.25,1.0,5.503899999999999,4yrold,slow
6024,F,4.39,complete,0.3,1.0,5.45895,4yrold,intro
6025,M,4.54,perturbed,0.1,0.8888888888888888,11.695,4yrold,fast
6025,M,4.54,perturbed,0.15,0.8333333333333334,8.3052,4yrold,fast
6025,M,4.54,perturbed,0.2,0.8,7.29425,4yrold,slow
6025,M,4.54,perturbed,0.25,0.75,6.2441666666666675,4yrold,slow
6025,M,4.54,perturbed,0.3,1.0,18.936999999999998,4yrold,intro
6026,M,4.92,deleted,0.1,0.75,7.1215,4yrold,fast
6026,M,4.92,deleted,0.15,0.625,5.93426,4yrold,fast
6026,M,4.92,deleted,0.2,0.8,4.680975,4yrold,slow
6026,M,4.92,deleted,0.25,1.0,2.415033333333333,4yrold,slow
6026,M,4.92,deleted,0.3,0.7,5.874057142857143,4yrold,intro
6027,F,4.12,complete,0.15,0.4166666666666667,9.37922,4yrold,fast
6027,F,4.12,complete,0.2,0.5555555555555556,7.34854,4yrold,slow
6027,F,4.12,complete,0.25,1.0,2.8135,4yrold,slow
6027,F,4.12,complete,0.3,0.6666666666666666,3.9788,4yrold,intro
6028,F,4.52,perturbed,0.1,0.9444444444444444,5.3889,4yrold,fast
6028,F,4.52,perturbed,0.15,1.0,3.5747666666666666,4yrold,fast
6028,F,4.52,perturbed,0.2,0.75,3.8056666666666668,4yrold,slow
6028,F,4.52,perturbed,0.25,1.0,2.1631,4yrold,slow
6028,F,4.52,perturbed,0.3,1.0,4.2673000000000005,4yrold,intro
6029,F,4.36,deleted,0.15,0.5555555555555556,7.9726799999999995,4yrold,fast
6029,F,4.36,deleted,0.2,0.4444444444444444,6.9953,4yrold,slow
6029,F,4.36,deleted,0.25,0.6,11.593133333333334,4yrold,slow
6029,F,4.36,deleted,0.3,0.5714285714285714,5.905875,4yrold,intro
6030,F,3.96,complete,0.1,0.6666666666666666,18.744875,3yrold,fast
6030,F,3.96,complete,0.15,0.7777777777777778,20.480285714285714,3yrold,fast
6030,F,3.96,complete,0.2,1.0,7.182666666666666,3yrold,slow
6030,F,3.96,complete,0.25,0.75,6.252,3yrold,slow
6030,F,3.96,complete,0.3,1.0,6.901,3yrold,intro
6031,M,3.73,perturbed,0.1,0.6666666666666666,3.497855,3yrold,fast
6031,M,3.73,perturbed,0.15,0.5555555555555556,4.086791,3yrold,fast
6031,M,3.73,perturbed,0.2,0.8,3.8532824999999997,3yrold,slow
6031,M,3.73,perturbed,0.25,0.8,6.201585,3yrold,slow
6031,M,3.73,perturbed,0.3,0.625,6.357468,3yrold,intro
6033,F,3.41,complete,0.1,0.7142857142857143,7.167629,3yrold,fast
6033,F,3.41,complete,0.15,0.75,10.21681,3yrold,fast
6033,F,3.41,complete,0.2,0.5714285714285714,5.73912125,3yrold,slow
6033,F,3.41,complete,0.25,1.0,6.1980216666666665,3yrold,slow
6033,F,3.41,complete,0.3,1.0,11.390635,3yrold,intro
6035,F,3.79,deleted,0.1,0.6,7.733521666666667,3yrold,fast
6035,F,3.79,deleted,0.15,1.0,28.895465,3yrold,fast
6035,F,3.79,deleted,0.2,0.6,16.060886666666665,3yrold,slow
6035,F,3.79,deleted,0.25,0.75,8.22385,3yrold,slow
6035,F,3.79,deleted,0.3,0.4444444444444444,5.86747,3yrold,intro
6036,M,3.05,complete,0.1,0.75,7.147749999999999,3yrold,fast
6036,M,3.05,complete,0.15,1.0,3.691333333333333,3yrold,fast
6036,M,3.05,complete,0.2,1.0,3.9053333333333335,3yrold,slow
6036,M,3.05,complete,0.25,0.8333333333333334,4.8198,3yrold,slow
6036,M,3.05,complete,0.3,1.0,4.9635,3yrold,intro
6037,M,3.06,perturbed,0.3,0.5,7.1438,3yrold,intro
6037,M,3.06,perturbed,0.35,0.5,8.829211111111112,3yrold,
6038,M,3.36,deleted,0.3,0.6,8.315666666666667,3yrold,intro
6038,M,3.36,deleted,0.35,0.48,11.79125,3yrold,
6039,F,3.95,complete,0.1,0.5,8.433445,3yrold,fast
6039,F,3.95,complete,0.15,0.7,9.439964285714286,3yrold,fast
6039,F,3.95,complete,0.2,0.8333333333333334,5.940225,3yrold,slow
6039,F,3.95,complete,0.25,1.0,6.446328333333334,3yrold,slow
6039,F,3.95,complete,0.3,0.5714285714285714,4.18059625,3yrold,intro
6040,M,3.53,perturbed,0.2,0.625,11.3414,3yrold,slow
6040,M,3.53,perturbed,0.25,0.5714285714285714,9.729875,3yrold,slow
6040,M,3.53,perturbed,0.3,0.75,12.669833333333331,3yrold,intro
6041,M,3.62,deleted,0.1,0.6363636363636364,6.841114285714285,3yrold,fast
6041,M,3.62,deleted,0.15,0.8333333333333334,10.152080000000002,3yrold,fast
6041,M,3.62,deleted,0.2,0.8333333333333334,7.96116,3yrold,slow
6041,M,3.62,deleted,0.25,0.8,7.226075,3yrold,slow
6041,M,3.62,deleted,0.3,1.0,14.5439,3yrold,intro
6042,M,3.85,complete,0.1,0.8461538461538461,5.232336363636364,3yrold,fast
6042,M,3.85,complete,0.15,0.75,2.8743000000000003,3yrold,fast
6042,M,3.85,complete,0.2,1.0,2.911766666666667,3yrold,slow
6042,M,3.85,complete,0.25,1.0,2.7933,3yrold,slow
6042,M,3.85,complete,0.3,0.6666666666666666,22.31635,3yrold,intro
6043,F,4.25,perturbed,0.1,0.6923076923076923,6.236999999999999,4yrold,fast
6043,F,4.25,perturbed,0.15,0.75,5.9753333333333325,4yrold,fast
6043,F,4.25,perturbed,0.2,1.0,6.22,4yrold,slow
6043,F,4.25,perturbed,0.25,0.6,7.393000000000001,4yrold,slow
6043,F,4.25,perturbed,0.3,0.6,6.427666666666667,4yrold,intro
6044,F,3.83,deleted,0.3,0.5,6.20457,3yrold,intro
6044,F,3.83,deleted,0.35,0.4,8.431175,3yrold,
6045,M,5.52,deleted,0.1,0.3333333333333333,3.0321,5yrold,fast
6045,M,5.52,deleted,0.15,0.75,4.060533333333334,5yrold,fast
6045,M,5.52,deleted,0.2,1.0,3.5370333333333335,5yrold,slow
6045,M,5.52,deleted,0.25,0.8333333333333334,4.21478,5yrold,slow
6045,M,5.52,deleted,0.3,0.5454545454545454,4.568716666666667,5yrold,intro
6045,M,5.52,deleted,0.35,0.6666666666666666,5.12935,5yrold,
6046,F,5.02,complete,0.1,1.0,3.6717117647058823,5yrold,fast
6046,F,5.02,complete,0.15,1.0,2.5713666666666666,5yrold,fast
6046,F,5.02,complete,0.2,1.0,2.2333666666666665,5yrold,slow
6046,F,5.02,complete,0.25,1.0,3.8166999999999995,5yrold,slow
6046,F,5.02,complete,0.3,0.75,4.781066666666667,5yrold,intro
6047,M,5.74,perturbed,0.1,0.8666666666666667,6.089392307692307,5yrold,fast
6047,M,5.74,perturbed,0.15,0.7142857142857143,6.52898,5yrold,fast
6047,M,5.74,perturbed,0.2,1.0,5.6224,5yrold,slow
6047,M,5.74,perturbed,0.25,1.0,5.698899999999999,5yrold,slow
6047,M,5.74,perturbed,0.3,1.0,6.2956,5yrold,intro
6048,F,5.01,deleted,0.1,0.7,5.366271428571429,5yrold,fast
6048,F,5.01,deleted,0.15,1.0,4.875066666666666,5yrold,fast
6048,F,5.01,deleted,0.2,1.0,5.187333333333334,5yrold,slow
6048,F,5.01,deleted,0.25,1.0,5.0683,5yrold,slow
6048,F,5.01,deleted,0.3,0.5,5.5476,5yrold,intro
6048,F,5.01,deleted,0.35,0.6666666666666666,6.272550000000001,5yrold,
6049,M,5.72,complete,0.1,0.8421052631578947,5.838625,5yrold,fast
6049,M,5.72,complete,0.15,1.0,6.796666666666667,5yrold,fast
6049,M,5.72,complete,0.2,1.0,4.229233333333333,5yrold,slow
6049,M,5.72,complete,0.25,1.0,6.081500000000001,5yrold,slow
6049,M,5.72,complete,0.3,1.0,5.17395,5yrold,intro
6050,M,5.9,perturbed,0.1,0.7142857142857143,5.49716,5yrold,fast
6050,M,5.9,perturbed,0.15,0.8333333333333334,4.9261800000000004,5yrold,fast
6050,M,5.9,perturbed,0.2,0.8,5.84165,5yrold,slow
6050,M,5.9,perturbed,0.25,1.0,4.388066666666667,5yrold,slow
6050,M,5.9,perturbed,0.3,1.0,4.65535,5yrold,intro
6051,F,5.2,deleted,0.1,1.0,6.916542857142857,5yrold,fast
6051,F,5.2,deleted,0.15,1.0,9.724266666666667,5yrold,fast
6051,F,5.2,deleted,0.2,0.8,6.873125,5yrold,slow
6051,F,5.2,deleted,0.25,1.0,6.504333333333332,5yrold,slow
6051,F,5.2,deleted,0.3,0.6666666666666666,7.1717125,5yrold,intro
6052,M,5.16,complete,0.1,0.8,4.9370875,5yrold,fast
6052,M,5.16,complete,0.15,0.6666666666666666,12.504275,5yrold,fast
6052,M,5.16,complete,0.2,0.8333333333333334,4.97966,5yrold,slow
6052,M,5.16,complete,0.25,0.8333333333333334,5.42982,5yrold,slow
6052,M,5.16,complete,0.3,1.0,2.1906,5yrold,intro
6053,M,5.95,perturbed,0.1,1.0,5.3835499995,5yrold,fast
6053,M,5.95,perturbed,0.15,0.7142857142857143,4.7737800002,5yrold,fast
6053,M,5.95,perturbed,0.2,0.7,4.561457142857143,5yrold,slow
6053,M,5.95,perturbed,0.25,0.7777777777777778,4.684728571714286,5yrold,slow
6053,M,5.95,perturbed,0.3,1.0,4.4597999999999995,5yrold,intro
6054,F,5.66,deleted,0.1,0.75,5.347777777777777,5yrold,fast
6054,F,5.66,deleted,0.15,0.7142857142857143,5.09632,5yrold,fast
6054,F,5.66,deleted,0.2,0.8,8.388225,5yrold,slow
6054,F,5.66,deleted,0.25,0.75,6.437266666666667,5yrold,slow
6054,F,5.66,deleted,0.3,1.0,5.088749999999999,5yrold,intro
6055,M,5.87,complete,0.1,1.0,5.057170588235294,5yrold,fast
6055,M,5.87,complete,0.15,0.8,4.6164,5yrold,fast
6055,M,5.87,complete,0.2,1.0,4.359133333333333,5yrold,slow
6055,M,5.87,complete,0.25,1.0,4.964766666666667,5yrold,slow
6055,M,5.87,complete,0.3,1.0,4.4968,5yrold,intro
6056,M,5.72,perturbed,0.1,0.8421052631578947,4.46181875,5yrold,fast
6056,M,5.72,perturbed,0.15,1.0,4.216466666666666,5yrold,fast
6056,M,5.72,perturbed,0.2,1.0,4.6014333333333335,5yrold,slow
6056,M,5.72,perturbed,0.25,1.0,4.3546000000000005,5yrold,slow
6056,M,5.72,perturbed,0.3,1.0,5.215450000000001,5yrold,intro
6057,M,5.57,deleted,0.15,0.5555555555555556,6.03106,5yrold,fast
6057,M,5.57,deleted,0.2,0.75,5.489283333333333,5yrold,slow
6057,M,5.57,deleted,0.25,0.6363636363636364,5.747157142857143,5yrold,slow
6057,M,5.57,deleted,0.3,1.0,6.12875,5yrold,intro
6058,F,5.38,complete,0.1,0.8,5.1339250000000005,5yrold,fast
6058,F,5.38,complete,0.15,0.7142857142857143,7.35348,5yrold,fast
6058,F,5.38,complete,0.2,1.0,5.109633333333333,5yrold,slow
6058,F,5.38,complete,0.25,1.0,5.492933333333333,5yrold,slow
6058,F,5.38,complete,0.3,1.0,5.4425,5yrold,intro
6059,M,5.77,perturbed,0.1,0.8333333333333334,4.56777,5yrold,fast
6059,M,5.77,perturbed,0.15,1.0,4.052233333333334,5yrold,fast
6059,M,5.77,perturbed,0.2,0.8,5.604,5yrold,slow
6059,M,5.77,perturbed,0.25,0.8,5.0664,5yrold,slow
6059,M,5.77,perturbed,0.3,0.6,4.7969,5yrold,intro
6060,M,4.54,complete,0.1,0.8461538461538461,3.4963636363636366,4yrold,fast
6060,M,4.54,complete,0.15,0.7777777777777778,7.748857142857143,4yrold,fast
6060,M,4.54,complete,0.2,1.0,6.333666666666667,4yrold,slow
6060,M,4.54,complete,0.25,1.0,1.3413333333333333,4yrold,slow
6060,M,4.54,complete,0.3,1.0,1.55,4yrold,intro
6061,F,4.52,perturbed,0.1,0.6363636363636364,6.8132,4yrold,fast
6061,F,4.52,perturbed,0.15,0.75,6.439266666666666,4yrold,fast
6061,F,4.52,perturbed,0.2,0.6666666666666666,6.189225,4yrold,slow
6061,F,4.52,perturbed,0.25,1.0,7.097266666666667,4yrold,slow
6061,F,4.52,perturbed,0.3,1.0,7.2247,4yrold,intro
6062,M,4.8,deleted,0.1,0.75,5.794833333333333,4yrold,fast
6062,M,4.8,deleted,0.15,0.8333333333333334,5.6608,4yrold,fast
6062,M,4.8,deleted,0.2,0.7,6.015285714285715,4yrold,slow
6062,M,4.8,deleted,0.25,1.0,5.605999999999999,4yrold,slow
6062,M,4.8,deleted,0.3,0.6666666666666666,3.2965,4yrold,intro
6063,F,4.99,complete,0.1,0.8,5.789083333333333,4yrold,fast
6063,F,4.99,complete,0.15,1.0,4.809966666666667,4yrold,fast
6063,F,4.99,complete,0.2,1.0,5.169933333333334,4yrold,slow
6063,F,4.99,complete,0.25,0.7142857142857143,5.723999999999999,4yrold,slow
6063,F,4.99,complete,0.3,1.0,5.56645,4yrold,intro
6064,M,4.61,perturbed,0.1,0.75,7.022833333333334,4yrold,fast
6064,M,4.61,perturbed,0.15,0.6666666666666666,6.5073,4yrold,fast
6064,M,4.61,perturbed,0.2,0.7142857142857143,11.125,4yrold,slow
6064,M,4.61,perturbed,0.25,1.0,7.5477,4yrold,slow
6064,M,4.61,perturbed,0.3,1.0,18.62775,4yrold,intro
6065,M,4.84,deleted,0.1,1.0,4.8473,4yrold,fast
6065,M,4.84,deleted,0.15,0.7142857142857143,4.905279999999999,4yrold,fast
6065,M,4.84,deleted,0.2,1.0,5.1687666666666665,4yrold,slow
6065,M,4.84,deleted,0.25,0.5714285714285714,5.0132,4yrold,slow
6065,M,4.84,deleted,0.3,0.6,5.075,4yrold,intro
6066,M,4.33,complete,0.1,0.6428571428571429,5.295355555555556,4yrold,fast
6066,M,4.33,complete,0.15,1.0,4.7843333333333335,4yrold,fast
6066,M,4.33,complete,0.2,1.0,6.385266666666666,4yrold,slow
6066,M,4.33,complete,0.25,0.75,6.494199999999999,4yrold,slow
6066,M,4.33,complete,0.3,1.0,6.12425,4yrold,intro
6067,M,4.83,perturbed,0.1,0.5882352941176471,8.862739999999999,4yrold,fast
6067,M,4.83,perturbed,0.15,1.0,5.730766666666667,4yrold,fast
6067,M,4.83,perturbed,0.2,1.0,7.102666666666667,4yrold,slow
6067,M,4.83,perturbed,0.25,1.0,4.378166666666666,4yrold,slow
6067,M,4.83,perturbed,0.3,0.75,4.365333333333333,4yrold,intro
6068,F,4.3,deleted,0.1,0.5384615384615384,6.345742857142858,4yrold,fast
6068,F,4.3,deleted,0.15,0.5714285714285714,6.305125,4yrold,fast
6068,F,4.3,deleted,0.2,1.0,4.821566666666667,4yrold,slow
6068,F,4.3,deleted,0.25,0.75,4.680499999999999,4yrold,slow
6068,F,4.3,deleted,0.3,0.6666666666666666,5.4107,4yrold,intro
6069,M,4.5,complete,0.1,0.631578947368421,4.633933333333333,4yrold,fast
6069,M,4.5,complete,0.15,1.0,4.9075,4yrold,fast
6069,M,4.5,complete,0.2,1.0,8.843366666666666,4yrold,slow
6069,M,4.5,complete,0.25,1.0,1.0912333333333333,4yrold,slow
6069,M,4.5,complete,0.3,1.0,2.4882999999999997,4yrold,intro
6070,F,4.69,perturbed,0.1,0.625,8.29476,4yrold,fast
6070,F,4.69,perturbed,0.15,0.6666666666666666,4.9515166666666675,4yrold,fast
6070,F,4.69,perturbed,0.2,1.0,6.785566666666667,4yrold,slow
6070,F,4.69,perturbed,0.25,0.8333333333333334,4.61892,4yrold,slow
6070,F,4.69,perturbed,0.3,0.75,6.128166666666666,4yrold,intro
6071,F,4.51,deleted,0.1,0.8571428571428571,8.407133333333332,4yrold,fast
6071,F,4.51,deleted,0.15,0.6,7.248633333333333,4yrold,fast
6071,F,4.51,deleted,0.2,0.75,5.250366666666667,4yrold,slow
6071,F,4.51,deleted,0.25,1.0,4.6992666666666665,4yrold,slow
6071,F,4.51,deleted,0.3,0.6666666666666666,14.494825,4yrold,intro
6072,M,4.58,complete,0.1,0.5882352941176471,6.4208799999999995,4yrold,fast
6072,M,4.58,complete,0.15,1.0,6.371099999999999,4yrold,fast
6072,M,4.58,complete,0.2,1.0,7.5630999999999995,4yrold,slow
6072,M,4.58,complete,0.25,0.8,10.114375,4yrold,slow
6072,M,4.58,complete,0.3,1.0,5.66845,4yrold,intro
6073,F,4.96,perturbed,0.1,0.5,8.667125,4yrold,fast
6073,F,4.96,perturbed,0.15,0.6666666666666666,5.736,4yrold,fast
6073,F,4.96,perturbed,0.2,1.0,9.588666666666667,4yrold,slow
6073,F,4.96,perturbed,0.25,1.0,5.130999999999999,4yrold,slow
6073,F,4.96,perturbed,0.3,1.0,7.022,4yrold,intro
6074,M,4.14,deleted,0.1,0.6666666666666666,5.93515,4yrold,fast
6074,M,4.14,deleted,0.15,0.375,7.574633333333334,4yrold,fast
6074,M,4.14,deleted,0.2,0.625,5.968960000000001,4yrold,slow
6074,M,4.14,deleted,0.25,0.8333333333333334,8.436919999999999,4yrold,slow
6074,M,4.14,deleted,0.3,1.0,5.39965,4yrold,intro
6075,F,3.64,complete,0.1,0.6875,5.2393,3yrold,fast
6075,F,3.64,complete,0.15,0.75,5.3328999999999995,3yrold,fast
6075,F,3.64,complete,0.2,0.8,2.593825,3yrold,slow
6075,F,3.64,complete,0.25,1.0,5.594533333333334,3yrold,slow
6075,F,3.64,complete,0.3,1.0,3.8756500000000003,3yrold,intro
6076,F,3.11,perturbed,0.3,0.3333333333333333,6.739,3yrold,intro
6078,F,3.85,complete,0.1,0.6875,8.145554545454546,3yrold,fast
6078,F,3.85,complete,0.15,1.0,10.2983,3yrold,fast
6078,F,3.85,complete,0.2,0.6666666666666666,8.0271,3yrold,slow
6078,F,3.85,complete,0.25,1.0,5.334599999999999,3yrold,slow
6078,F,3.85,complete,0.3,1.0,4.14265,3yrold,intro
6079,F,3.85,perturbed,0.2,0.5,6.7201,3yrold,slow
6079,F,3.85,perturbed,0.25,0.6,6.096266666666668,3yrold,slow
6079,F,3.85,perturbed,0.3,0.6666666666666666,6.791275,3yrold,intro
6079,F,3.85,perturbed,0.35,0.5,6.71484,3yrold,
6080,F,3.88,deleted,0.2,0.45454545454545453,7.69382,3yrold,slow
6080,F,3.88,deleted,0.25,0.5882352941176471,9.52714,3yrold,slow
6080,F,3.88,deleted,0.3,1.0,11.38275,3yrold,intro
6081,M,3.46,complete,0.1,0.5,6.6688833333333335,3yrold,fast
6081,M,3.46,complete,0.15,0.625,5.22126,3yrold,fast
6081,M,3.46,complete,0.2,1.0,5.9699333333333335,3yrold,slow
6081,M,3.46,complete,0.25,0.8,3.495475,3yrold,slow
6081,M,3.46,complete,0.3,1.0,2.6667500000000004,3yrold,intro
6082,M,3.72,perturbed,0.1,0.8571428571428571,17.486250000000002,3yrold,fast
6082,M,3.72,perturbed,0.15,1.0,8.643333333333333,3yrold,fast
6082,M,3.72,perturbed,0.2,0.5714285714285714,7.800000000000001,3yrold,slow
6082,M,3.72,perturbed,0.25,0.75,6.436,3yrold,slow
6082,M,3.72,perturbed,0.3,1.0,29.18,3yrold,intro
6083,F,3.99,deleted,0.25,0.5909090909090909,6.0823,3yrold,slow
6083,F,3.99,deleted,0.3,0.625,6.640359999999999,3yrold,intro
6084,M,3.37,complete,0.2,0.42857142857142855,6.712,3yrold,slow
6084,M,3.37,complete,0.25,0.6428571428571429,7.291222222222221,3yrold,slow
6084,M,3.37,complete,0.3,0.5,9.503,3yrold,intro
6084,M,3.37,complete,0.35,0.6666666666666666,5.784,3yrold,
6085,F,3.99,perturbed,0.1,0.42857142857142855,5.680433333333333,3yrold,fast
6085,F,3.99,perturbed,0.15,0.625,27.63918,3yrold,fast
6085,F,3.99,perturbed,0.2,1.0,5.669766666666667,3yrold,slow
6085,F,3.99,perturbed,0.25,1.0,9.160633333333333,3yrold,slow
6085,F,3.99,perturbed,0.3,1.0,6.2631499999999996,3yrold,intro
6086,F,3.77,deleted,0.25,0.625,5.874729,3yrold,slow
6086,F,3.77,deleted,0.3,0.5263157894736842,6.075996999999999,3yrold,intro
6086,F,3.77,deleted,0.35,0.6666666666666666,6.4109025,3yrold,
6088,F,3.28,perturbed,0.1,0.9,4.936511111111112,3yrold,fast
6088,F,3.28,perturbed,0.15,0.75,5.921333333333333,3yrold,fast
6088,F,3.28,perturbed,0.2,0.6666666666666666,6.023125,3yrold,slow
6088,F,3.28,perturbed,0.25,0.6,9.6322,3yrold,slow
6088,F,3.28,perturbed,0.3,0.6,3.7832333333333334,3yrold,intro
6089,F,3.06,deleted,0.2,0.5263157894736842,9.835899999999999,3yrold,slow
6089,F,3.06,deleted,0.25,0.6666666666666666,7.335999999999999,3yrold,slow
6089,F,3.06,deleted,0.3,1.0,7.611000000000001,3yrold,intro
6090,M,5.91,deleted,0.15,0.5,4.1165,5yrold,fast
6090,M,5.91,deleted,0.2,0.5,6.6285,5yrold,slow
6090,M,5.91,deleted,0.25,0.5833333333333334,5.447328571428572,5yrold,slow
6090,M,5.91,deleted,0.3,1.0,3.89135,5yrold,intro
6091,M,5.54,complete,0.1,0.8947368421052632,5.741235294117647,5yrold,fast
6091,M,5.54,complete,0.15,1.0,5.274333333333334,5yrold,fast
6091,M,5.54,complete,0.2,1.0,5.317333333333333,5yrold,slow
6091,M,5.54,complete,0.25,1.0,14.504333333333333,5yrold,slow
6091,M,5.54,complete,0.3,1.0,6.1045,5yrold,intro
6092,F,5.54,perturbed,0.1,0.9473684210526315,5.566777777777777,5yrold,fast
6092,F,5.54,perturbed,0.15,1.0,4.642666666666667,5yrold,fast
6092,F,5.54,perturbed,0.2,1.0,5.485666666666667,5yrold,slow
6092,F,5.54,perturbed,0.25,1.0,4.9910000000000005,5yrold,slow
6092,F,5.54,perturbed,0.3,1.0,5.726,5yrold,intro
6093,F,5.56,deleted,0.1,0.75,6.2564166666666665,5yrold,fast
6093,F,5.56,deleted,0.15,1.0,6.054666666666667,5yrold,fast
6093,F,5.56,deleted,0.2,0.75,5.633666666666667,5yrold,slow
6093,F,5.56,deleted,0.25,0.6,5.415666666666667,5yrold,slow
6093,F,5.56,deleted,0.3,1.0,6.357,5yrold,intro
6094,F,5.15,complete,0.1,0.4444444444444444,13.440075,5yrold,fast
6094,F,5.15,complete,0.15,0.6923076923076923,4.842355555555556,5yrold,fast
6094,F,5.15,complete,0.2,1.0,1.8315333333333335,5yrold,slow
6094,F,5.15,complete,0.25,1.0,1.8399,5yrold,slow
6094,F,5.15,complete,0.3,1.0,2.0401,5yrold,intro
6095,M,5.15,perturbed,0.1,0.6923076923076923,6.452888888888889,5yrold,fast
6095,M,5.15,perturbed,0.15,0.8,6.05705,5yrold,fast
6095,M,5.15,perturbed,0.2,1.0,4.8746,5yrold,slow
6095,M,5.15,perturbed,0.25,0.8333333333333334,8.281659999999999,5yrold,slow
6095,M,5.15,perturbed,0.3,0.6666666666666666,5.36165,5yrold,intro
6097,F,5.63,complete,0.1,0.8,5.934,5yrold,fast
6097,F,5.63,complete,0.15,1.0,4.193666666666667,5yrold,fast
6097,F,5.63,complete,0.2,1.0,6.1419999999999995,5yrold,slow
6097,F,5.63,complete,0.25,0.8,4.263,5yrold,slow
6097,F,5.63,complete,0.3,0.75,4.542000000000001,5yrold,intro
6098,M,5.52,perturbed,0.1,0.9333333333333333,2.077785714285714,5yrold,fast
6098,M,5.52,perturbed,0.15,1.0,1.7185,5yrold,fast
6098,M,5.52,perturbed,0.2,1.0,1.9266333333333332,5yrold,slow
6098,M,5.52,perturbed,0.25,0.8333333333333334,1.6867999999999999,5yrold,slow
6098,M,5.52,perturbed,0.3,0.6666666666666666,2.6393500000000003,5yrold,intro
6099,F,5.38,deleted,0.1,0.6111111111111112,6.812336363636363,5yrold,fast
6099,F,5.38,deleted,0.15,0.75,6.444566666666667,5yrold,fast
6099,F,5.38,deleted,0.2,1.0,10.469533333333333,5yrold,slow
6099,F,5.38,deleted,0.25,1.0,2.829333333333333,5yrold,slow
6099,F,5.38,deleted,0.3,1.0,4.3364,5yrold,intro
6100,F,5.54,complete,0.1,0.9473684210526315,3.887544444444445,5yrold,fast
6100,F,5.54,complete,0.15,1.0,2.1496,5yrold,fast
6100,F,5.54,complete,0.2,1.0,2.1838,5yrold,slow
6100,F,5.54,complete,0.25,1.0,2.7839333333333336,5yrold,slow
6100,F,5.54,complete,0.3,1.0,1.98235,5yrold,intro
6101,M,5.05,perturbed,0.1,0.5625,5.757044444444444,5yrold,fast
6101,M,5.05,perturbed,0.15,1.0,4.134666666666667,5yrold,fast
6101,M,5.05,perturbed,0.2,1.0,1.8594666666666668,5yrold,slow
6101,M,5.05,perturbed,0.25,0.8333333333333334,3.89514,5yrold,slow
6101,M,5.05,perturbed,0.3,1.0,12.46905,5yrold,intro
6102,F,5.6,deleted,0.1,0.625,6.597799999999999,5yrold,fast
6102,F,5.6,deleted,0.15,0.6,5.889566666666667,5yrold,fast
6102,F,5.6,deleted,0.2,1.0,7.456099999999999,5yrold,slow
6102,F,5.6,deleted,0.25,0.7142857142857143,6.25084,5yrold,slow
6102,F,5.6,deleted,0.3,1.0,7.39705,5yrold,intro
6103,F,5.52,complete,0.1,1.0,3.0870411764705885,5yrold,fast
6103,F,5.52,complete,0.15,0.75,1.265,5yrold,fast
6103,F,5.52,complete,0.2,1.0,2.2718333333333334,5yrold,slow
6103,F,5.52,complete,0.25,1.0,2.0603,5yrold,slow
6103,F,5.52,complete,0.3,0.6666666666666666,2.60285,5yrold,intro
6104,F,5.71,perturbed,0.1,0.8571428571428571,3.0906583333333333,5yrold,fast
6104,F,5.71,perturbed,0.15,1.0,3.4194333333333335,5yrold,fast
6104,F,5.71,perturbed,0.2,1.0,1.1538333333333333,5yrold,slow
6104,F,5.71,perturbed,0.25,1.0,2.799533333333333,5yrold,slow
6104,F,5.71,perturbed,0.3,0.7142857142857143,2.8158000000000003,5yrold,intro
6105,M,4.53,complete,0.1,0.9285714285714286,6.155469230769231,4yrold,fast
6105,M,4.53,complete,0.15,1.0,5.861966666666667,4yrold,fast
6105,M,4.53,complete,0.2,0.7142857142857143,5.714499999999999,4yrold,slow
6105,M,4.53,complete,0.25,0.75,5.713233333333334,4yrold,slow
6105,M,4.53,complete,0.3,1.0,5.6684,4yrold,intro
6106,F,4.64,perturbed,0.1,0.6428571428571429,4.927566666666667,4yrold,fast
6106,F,4.64,perturbed,0.15,0.75,3.66085,4yrold,fast
6106,F,4.64,perturbed,0.2,1.0,3.282966666666667,4yrold,slow
6106,F,4.64,perturbed,0.25,1.0,3.9736333333333334,4yrold,slow
6106,F,4.64,perturbed,0.3,1.0,4.83635,4yrold,intro
6107,M,4.9,deleted,0.1,1.0,5.4276,4yrold,fast
6107,M,4.9,deleted,0.15,0.6666666666666666,5.293733333333333,4yrold,fast
6107,M,4.9,deleted,0.2,1.0,5.114866666666667,4yrold,slow
6107,M,4.9,deleted,0.25,0.6666666666666666,5.5003125,4yrold,slow
6107,M,4.9,deleted,0.3,0.8,8.94625,4yrold,intro
6108,F,4.87,complete,0.2,0.625,5.7559,4yrold,slow
6108,F,4.87,complete,0.25,0.625,6.32508,4yrold,slow
6108,F,4.87,complete,0.3,0.5454545454545454,4.896416666666666,4yrold,intro
6108,F,4.87,complete,0.35,0.6666666666666666,5.841100000000001,4yrold,
6109,F,4.68,perturbed,0.1,0.8888888888888888,4.8852375,4yrold,fast
6109,F,4.68,perturbed,0.15,1.0,4.6803,4yrold,fast
6109,F,4.68,perturbed,0.2,1.0,4.939,4yrold,slow
6109,F,4.68,perturbed,0.25,1.0,5.0498,4yrold,slow
6109,F,4.68,perturbed,0.3,0.6666666666666666,4.820399999999999,4yrold,intro
6110,M,4.12,deleted,0.1,0.6,8.829366666666667,4yrold,fast
6110,M,4.12,deleted,0.15,1.0,6.9054,4yrold,fast
6110,M,4.12,deleted,0.2,0.7142857142857143,6.65008,4yrold,slow
6110,M,4.12,deleted,0.25,0.5454545454545454,6.236833333333333,4yrold,slow
6110,M,4.12,deleted,0.3,0.75,11.1783,4yrold,intro
6112,F,4.44,perturbed,0.1,0.5,6.561214285714286,4yrold,fast
6112,F,4.44,perturbed,0.15,0.8333333333333334,7.599340000000001,4yrold,fast
6112,F,4.44,perturbed,0.2,1.0,7.4848333333333334,4yrold,slow
6112,F,4.44,perturbed,0.25,1.0,4.9143333333333326,4yrold,slow
6112,F,4.44,perturbed,0.3,0.75,5.599966666666667,4yrold,intro
6113,M,4.87,deleted,0.1,0.6666666666666666,5.5235,4yrold,fast
6113,M,4.87,deleted,0.15,1.0,4.327333333333334,4yrold,fast
6113,M,4.87,deleted,0.2,1.0,6.534666666666666,4yrold,slow
6113,M,4.87,deleted,0.25,0.5555555555555556,6.3684,4yrold,slow
6113,M,4.87,deleted,0.3,0.5833333333333334,6.533428571428572,4yrold,intro
6114,F,4.21,complete,0.1,0.5263157894736842,8.0149,4yrold,fast
6114,F,4.21,complete,0.15,1.0,22.215666666666667,4yrold,fast
6114,F,4.21,complete,0.2,1.0,5.267,4yrold,slow
6114,F,4.21,complete,0.25,1.0,5.503333333333333,4yrold,slow
6114,F,4.21,complete,0.3,1.0,4.634,4yrold,intro
6115,M,4.01,perturbed,0.1,1.0,4.447749999999999,4yrold,fast
6115,M,4.01,perturbed,0.15,1.0,5.443766666666666,4yrold,fast
6115,M,4.01,perturbed,0.2,1.0,5.242466666666666,4yrold,slow
6115,M,4.01,perturbed,0.25,0.5555555555555556,5.55276,4yrold,slow
6115,M,4.01,perturbed,0.3,0.75,5.829833333333333,4yrold,intro
6116,F,4.23,deleted,0.1,0.75,7.55991111111111,4yrold,fast
6116,F,4.23,deleted,0.15,0.75,5.889233333333333,4yrold,fast
6116,F,4.23,deleted,0.2,0.8,7.428025,4yrold,slow
6116,F,4.23,deleted,0.25,0.7142857142857143,6.2782,4yrold,slow
6116,F,4.23,deleted,0.3,1.0,7.0697,4yrold,intro
6117,F,4.41,complete,0.25,0.5384615384615384,5.484242857142857,4yrold,slow
6117,F,4.41,complete,0.3,0.5882352941176471,6.49452,4yrold,intro
6118,M,4.38,perturbed,0.1,0.7333333333333333,8.708927272818181,4yrold,fast
6118,M,4.38,perturbed,0.15,0.75,6.352899999333334,4yrold,fast
6118,M,4.38,perturbed,0.2,1.0,11.651766666333332,4yrold,slow
6118,M,4.38,perturbed,0.25,0.8,5.3593999995,4yrold,slow
6118,M,4.38,perturbed,0.3,0.6666666666666666,5.691349999,4yrold,intro
6119,M,3.95,deleted,0.1,0.7777777777777778,4.487,3yrold,fast
6119,M,3.95,deleted,0.15,0.6666666666666666,4.3752,3yrold,fast
6119,M,3.95,deleted,0.2,0.5714285714285714,4.1628,3yrold,slow
6119,M,3.95,deleted,0.25,0.75,4.186466666666667,3yrold,slow
6119,M,3.95,deleted,0.3,0.5,6.9111,3yrold,intro
6120,M,3.11,complete,0.15,1.0,5.118,3yrold,fast
6120,M,3.11,complete,0.2,0.6,5.306216666666667,3yrold,slow
6120,M,3.11,complete,0.25,1.0,4.8249,3yrold,slow
6120,M,3.11,complete,0.3,0.6363636363636364,5.213042857142858,3yrold,intro
6120,M,3.11,complete,0.35,0.5,4.9252,3yrold,
6121,F,3.58,perturbed,0.1,1.0,4.7073,3yrold,fast
6121,F,3.58,perturbed,0.15,0.6666666666666666,5.18974,3yrold,fast
6121,F,3.58,perturbed,0.2,1.0,4.860133333333334,3yrold,slow
6121,F,3.58,perturbed,0.25,1.0,4.284133333333333,3yrold,slow
6121,F,3.58,perturbed,0.3,0.6666666666666666,7.4247250000000005,3yrold,intro
6124,F,3.83,perturbed,0.15,0.5833333333333334,7.006428571428572,3yrold,fast
6124,F,3.83,perturbed,0.2,0.6923076923076923,7.810777777777777,3yrold,slow
6124,F,3.83,perturbed,0.25,1.0,5.896999999999999,3yrold,slow
6124,F,3.83,perturbed,0.3,1.0,7.068,3yrold,intro
6126,F,5.94,complete,0.15,0.5,6.282242857142857,5yrold,fast
6126,F,5.94,complete,0.2,0.7142857142857143,6.80354,5yrold,slow
6126,F,5.94,complete,0.25,0.6666666666666666,7.006975000000001,5yrold,slow
6126,F,5.94,complete,0.3,0.6666666666666666,8.8104,5yrold,intro
6128,M,3.13,deleted,0.15,0.8333333333333334,5.5258400000000005,3yrold,fast
6128,M,3.13,deleted,0.2,0.625,9.213040000000001,3yrold,slow
6128,M,3.13,deleted,0.25,0.75,5.8816999999999995,3yrold,slow
6128,M,3.13,deleted,0.3,0.5833333333333334,7.151614285714286,3yrold,intro
6129,F,3.87,complete,0.1,0.8333333333333334,6.26668,3yrold,fast
6129,F,3.87,complete,0.15,1.0,8.088166666666666,3yrold,fast
6129,F,3.87,complete,0.2,0.75,5.890733333333333,3yrold,slow
6129,F,3.87,complete,0.25,0.7142857142857143,6.19324,3yrold,slow
6129,F,3.87,complete,0.3,0.75,6.560866666666667,3yrold,intro
6130,F,3.35,perturbed,0.2,1.0,7.3748,3yrold,slow
6130,F,3.35,perturbed,0.25,0.8,14.383949999999999,3yrold,slow
6130,F,3.35,perturbed,0.3,0.5,9.486033333333333,3yrold,intro
6130,F,3.35,perturbed,0.35,0.5,10.954455555555557,3yrold,
6131,M,3.64,deleted,0.25,0.5,12.808,3yrold,slow
6131,M,3.64,deleted,0.3,0.45454545454545453,9.314350000000001,3yrold,intro
6132,M,3.9,complete,0.1,0.7692307692307693,7.7911,3yrold,fast
6132,M,3.9,complete,0.15,0.75,5.6003333333333325,3yrold,fast
6132,M,3.9,complete,0.2,1.0,6.299333333333333,3yrold,slow
6132,M,3.9,complete,0.25,0.75,6.700500000000001,3yrold,slow
6132,M,3.9,complete,0.3,1.0,6.78,3yrold,intro
6133,F,3.37,perturbed,0.1,0.6875,5.768245454545454,3yrold,fast
6133,F,3.37,perturbed,0.15,0.8333333333333334,8.32638,3yrold,fast
6133,F,3.37,perturbed,0.2,1.0,5.318933333333334,3yrold,slow
6133,F,3.37,perturbed,0.25,1.0,5.084233333333334,3yrold,slow
6133,F,3.37,perturbed,0.3,1.0,7.312,3yrold,intro
6135,M,3.2,deleted,0.1,0.8,5.32455,3yrold,fast
6135,M,3.2,deleted,0.15,0.75,13.825566666666667,3yrold,fast
6135,M,3.2,deleted,0.2,0.75,4.7123333333333335,3yrold,slow
6135,M,3.2,deleted,0.25,0.6666666666666666,5.2442,3yrold,slow
6135,M,3.2,deleted,0.3,0.5,11.29405,3yrold,intro
6136,F,4.77,deleted,0.1,0.5,4.837,4yrold,fast
6136,F,4.77,deleted,0.15,1.0,4.803333333333334,4yrold,fast
6136,F,4.77,deleted,0.2,1.0,4.269666666666667,4yrold,slow
6136,F,4.77,deleted,0.25,0.6,4.874666666666666,4yrold,slow
6136,F,4.77,deleted,0.3,0.7142857142857143,5.6288,4yrold,intro
6137,M,3.99,perturbed,0.1,0.8421052631578947,3.5490625,3yrold,fast
6137,M,3.99,perturbed,0.15,1.0,5.153666666666667,3yrold,fast
6137,M,3.99,perturbed,0.2,1.0,1.8706666666666667,3yrold,slow
6137,M,3.99,perturbed,0.25,1.0,2.055,3yrold,slow
6137,M,3.99,perturbed,0.3,1.0,1.9125,3yrold,intro
6138,F,4.52,perturbed,0.1,0.8571428571428571,4.851833333333333,4yrold,fast
6138,F,4.52,perturbed,0.15,1.0,4.821000000000001,4yrold,fast
6138,F,4.52,perturbed,0.2,0.7142857142857143,4.6282000000000005,4yrold,slow
6138,F,4.52,perturbed,0.25,0.8333333333333334,7.7787999999999995,4yrold,slow
6138,F,4.52,perturbed,0.3,0.5714285714285714,4.887,4yrold,intro
60972,M,5.13,complete,0.1,0.8421052631578947,2.8038625,5yrold,fast
60972,M,5.13,complete,0.15,1.0,1.6005333333333336,5yrold,fast
60972,M,5.13,complete,0.2,1.0,2.9723333333333333,5yrold,slow
60972,M,5.13,complete,0.25,1.0,3.8801,5yrold,slow
60972,M,5.13,complete,0.3,1.0,5.4715,5yrold,intro
60682,F,4.3,deleted,0.1,0.6842105263157895,1.5992307692307692,4yrold,fast
60682,F,4.3,deleted,0.15,1.0,4.633566666666666,4yrold,fast
60682,F,4.3,deleted,0.2,1.0,2.0241000000000002,4yrold,slow
60682,F,4.3,deleted,0.25,1.0,2.5199333333333334,4yrold,slow
60682,F,4.3,deleted,0.3,1.0,3.70925,4yrold,intro
