Duration,resp.keys,resp.corr,resp.rt,pracTrials.thisRepN,pracTrials.thisTrialN,pracTrials.thisN,pracTrials.thisIndex,pracTrials.ran,objLabel,imFile,distractLabel,corr,participant,date,expName,psychopyVersion,OS,frameRate,Corr,objDistract,py_duration,trials.thisRepN,trials.thisTrialN,trials.thisN,trials.thisIndex,trials.ran,objNum,animType,condition
0.3,left,1,0.955,0,0,0,3,1,motorcycle,Stim/Prac (4).jpg,skateboard,left,6068,2021-10-19_17h08.46.148,KorNet_kid_deleted,2020.2.4,Win32,60,,,,,,,,,,,
0.3,left,1,7.6492,0,1,1,0,1,shoe,Stim/Prac (1).jpg,phone,left,6068,2021-10-19_17h08.46.148,KorNet_kid_deleted,2020.2.4,Win32,60,,,,,,,,,,,
0.25,right,1,8.2675,0,2,2,2,1,balloon,Stim/Prac (3).jpg,computer,right,6068,2021-10-19_17h08.46.148,KorNet_kid_deleted,2020.2.4,Win32,60,,,,,,,,,,,
0.25,right,1,1.3509,0,3,3,1,1,castle,Stim/Prac (2).png,car,right,6068,2021-10-19_17h08.46.148,KorNet_kid_deleted,2020.2.4,Win32,60,,,,,,,,,,,
0.3,right,1,2.9085,,,,,,key,Stim/OBJ (29)_IC.png,,,6068,2021-10-19_17h08.46.148,KorNet_kid_deleted,2020.2.4,Win32,60,right,bicycle,0.2999,0,0,0,19,1,29,Inanimate,3
0.3,left,1,4.0838,,,,,,guitar,Stim/OBJ (27)_IC.png,,,6068,2021-10-19_17h08.46.148,KorNet_kid_deleted,2020.2.4,Win32,60,left,key,0.3007,0,1,1,18,1,27,Inanimate,3
0.25,left,1,1.311,,,,,,chair,Stim/OBJ (12)_IC.png,,,6068,2021-10-19_17h08.46.148,KorNet_kid_deleted,2020.2.4,Win32,60,left,tree,0.2999,0,2,2,7,1,12,Inanimate,3
0.25,left,0,0.9912,,,,,,hand,Stim/OBJ (25)_IC.png,,,6068,2021-10-19_17h08.46.148,KorNet_kid_deleted,2020.2.4,Win32,60,right,kangaroo,0.2499,0,3,3,17,1,25,Animate,3
0.25,right,0,1.305,,,,,,umbrella,Stim/OBJ (47)_IC.png,,,6068,2021-10-19_17h08.46.148,KorNet_kid_deleted,2020.2.4,Win32,60,left,glasses,0.2498,0,4,4,29,1,47,Inanimate,3
0.25,left,1,8.3356,,,,,,duck,Stim/OBJ (17)_IC.png,,,6068,2021-10-19_17h08.46.148,KorNet_kid_deleted,2020.2.4,Win32,60,left,elephant,0.2507,0,5,5,10,1,17,Animate,3
0.25,right,1,2.0564,,,,,,airplane,Stim/OBJ (1)_IC.png,,,6068,2021-10-19_17h08.46.148,KorNet_kid_deleted,2020.2.4,Win32,60,right,guitar,0.2482,0,6,6,0,1,1,Inanimate,3
0.2,left,1,11.081,,,,,,dog,Stim/OBJ (16)_IC.png,,,6068,2021-10-19_17h08.46.148,KorNet_kid_deleted,2020.2.4,Win32,60,left,butterfly,0.248,0,7,7,9,1,16,Animate,3
0.2,right,0,2.8425,,,,,,fork,Stim/OBJ (22)_IC.png,,,6068,2021-10-19_17h08.46.148,KorNet_kid_deleted,2020.2.4,Win32,60,left,apple,0.2002,0,8,8,15,1,22,Inanimate,3
0.2,right,0,1.6308,,,,,,rabbit,Stim/OBJ (38)_IC.png,,,6068,2021-10-19_17h08.46.148,KorNet_kid_deleted,2020.2.4,Win32,60,left,duck,0.1981,0,9,9,23,1,38,Animate,3
0.2,right,1,1.9845,,,,,,tree,Stim/OBJ (44)_IC.png,,,6068,2021-10-19_17h08.46.148,KorNet_kid_deleted,2020.2.4,Win32,60,right,umbrella,0.2011,0,10,10,26,1,44,Inanimate,3
0.2,right,1,9.2455,,,,,,leaf,Stim/OBJ (32)_IC.png,,,6068,2021-10-19_17h08.46.148,KorNet_kid_deleted,2020.2.4,Win32,60,right,chair,0.1981,0,11,11,22,1,32,Inanimate,3
0.15,left,1,2.7079,,,,,,butterfly,Stim/OBJ (10)_IC.png,,,6068,2021-10-19_17h08.46.148,KorNet_kid_deleted,2020.2.4,Win32,60,left,bird,0.1995,0,12,12,5,1,10,Animate,3
